seed,direction,variant,split,field_strength,status,balanced_accuracy,auc,macro_f1,sensitivity,specificity,accuracy,brier,ece,group_gap,worst_group_auc,n_subjects,n
42,adni_to_nacc,ce_only,target,3T,complete,0.8204551137784446,0.9117279319829957,0.7865250181654181,0.7688172043010753,0.872093023255814,0.8520833333333333,0.10934612069153112,0.06576323531464565,0.11304174315587834,0.848990342405619,960,960
42,adni_to_nacc,ce_only,source_val,1.5T,complete,0.8403846153846153,0.903846153846154,0.8260869565217392,0.7307692307692307,0.95,0.8260869565217391,0.15049986518858968,0.14210071902506166,0.2571428571428571,0.7428571428571429,46,46
42,adni_to_nacc,ce_only,source_val,3T,complete,0.7285714285714285,0.7428571428571429,0.7333333333333332,0.6,0.8571428571428571,0.75,0.19873941077221477,0.2059014129141966,0.5,0.5,12,12
42,adni_to_nacc,ce_only,source_test,1.5T,complete,0.8562753036437247,0.9271255060728745,0.8611111111111112,0.9230769230769231,0.7894736842105263,0.8666666666666667,0.09561983508437744,0.061264433088126014,0.6666666666666667,0.3333333333333333,45,45
42,adni_to_nacc,ce_only,source_test,3T,complete,1.0,,0.5,,1.0,1.0,0.013855834779669507,0.05138184295760258,,,6,6
42,adni_to_nacc,mixstyle,target,3T,complete,0.7523755938984746,0.8496707510210887,0.7265237064725556,0.6559139784946236,0.8488372093023255,0.8114583333333333,0.13353527822275935,0.05470255264339762,0.17554389344670696,0.7258312020460357,960,960
42,adni_to_nacc,mixstyle,source_val,1.5T,complete,0.8173076923076923,0.898076923076923,0.8206627680311891,0.8846153846153846,0.75,0.8260869565217391,0.1150859270691273,0.09245377843794614,0.2857142857142857,0.7142857142857143,46,46
42,adni_to_nacc,mixstyle,source_val,3T,complete,0.6857142857142857,0.7714285714285715,0.6666666666666666,0.8,0.5714285714285714,0.6666666666666666,0.235178376096614,0.28667265880439013,0.5,0.5,12,12
42,adni_to_nacc,mixstyle,source_test,1.5T,complete,0.7246963562753037,0.9109311740890689,0.7293603061782394,0.9230769230769231,0.5263157894736842,0.7555555555555555,0.14169878764506444,0.15479539579815327,0.33333333333333337,0.6666666666666666,45,45
42,adni_to_nacc,mixstyle,source_test,3T,complete,0.6666666666666666,,0.4,,0.6666666666666666,0.6666666666666666,0.1412406136777883,0.3006012696358893,,,6,6
42,adni_to_nacc,metadata,target,3T,complete,0.5,0.5,0.4463667820069204,0.0,1.0,0.80625,0.19375,0.19374999999999998,0.0,0.5,960,960
42,adni_to_nacc,metadata,source_val,1.5T,complete,0.8423076923076923,0.8846153846153846,0.8442186744073537,0.8846153846153846,0.8,0.8478260869565217,0.1392830546770543,0.10251032733830849,0.25714285714285723,0.7428571428571428,46,46
42,adni_to_nacc,metadata,source_val,3T,complete,0.7571428571428571,0.7714285714285715,0.7482517482517481,0.8,0.7142857142857143,0.75,0.2085187870578421,0.19406759987274805,0.375,0.625,12,12
42,adni_to_nacc,metadata,source_test,1.5T,complete,0.8036437246963564,0.9271255060728745,0.8109243697478992,0.9230769230769231,0.6842105263157895,0.8222222222222222,0.11759512805858928,0.07096849759419757,0.33333333333333337,0.6666666666666666,45,45
42,adni_to_nacc,metadata,source_test,3T,complete,1.0,,0.5,,1.0,1.0,0.045977993360354096,0.17484029134114581,,,6,6
42,adni_to_nacc,metadata_xda,target,3T,complete,0.5,0.5,0.4463667820069204,0.0,1.0,0.80625,0.19375,0.19374999999999998,0.0,0.5,960,960
42,adni_to_nacc,metadata_xda,source_val,1.5T,complete,0.8730769230769231,0.8961538461538462,0.8685714285714285,0.8461538461538461,0.9,0.8695652173913043,0.129862221480406,0.12670152911889376,0.19999999999999996,0.8,46,46
42,adni_to_nacc,metadata_xda,source_val,3T,complete,0.6571428571428571,0.8285714285714285,0.6571428571428571,0.6,0.7142857142857143,0.6666666666666666,0.2545283377771728,0.28289120934075784,0.25,0.75,12,12
42,adni_to_nacc,metadata_xda,source_test,1.5T,complete,0.8562753036437247,0.9493927125506072,0.8611111111111112,0.9230769230769231,0.7894736842105263,0.8666666666666667,0.10008527635151611,0.07108971652057436,0.25,0.75,45,45
42,adni_to_nacc,metadata_xda,source_test,3T,complete,1.0,,0.5,,1.0,1.0,0.004451509007226602,0.03396576311853198,,,6,6
42,adni_to_nacc,apis_v2,target,3T,complete,0.8232266399933317,0.9037745547497986,0.7687174370912315,0.8118279569892473,0.834625322997416,0.8302083333333333,0.14188928353151703,0.11619945006871905,0.11330741251724574,0.8463564530289728,960,960
42,adni_to_nacc,apis_v2,source_val,1.5T,complete,0.8538461538461539,0.9096153846153847,0.8471760797342194,0.8076923076923077,0.9,0.8478260869565217,0.13166642448134508,0.11897634201939547,0.2571428571428571,0.7428571428571429,46,46
42,adni_to_nacc,apis_v2,source_val,3T,complete,0.7285714285714285,0.8,0.7333333333333332,0.6,0.8571428571428571,0.75,0.21366551556893562,0.26380134084158485,0.5,0.5,12,12
42,adni_to_nacc,apis_v2,source_test,1.5T,complete,0.8107287449392713,0.9453441295546559,0.8148148148148149,0.8846153846153846,0.7368421052631579,0.8222222222222222,0.1212080693430988,0.11798674681120454,0.125,0.875,45,45
42,adni_to_nacc,apis_v2,source_test,3T,complete,1.0,,0.5,,1.0,1.0,0.04187490964025675,0.09305172993077176,,,6,6
42,nacc_to_adni,ce_only,target,1.5T,complete,0.7874149659863945,0.9077583414318108,0.7937252382482065,0.9523809523809523,0.6224489795918368,0.8080357142857143,0.15587942077741188,0.11956918008370503,0.18613485280151953,0.8138651471984805,224,224
42,nacc_to_adni,ce_only,target,3T,complete,0.7710622710622711,0.8791208791208791,0.7350649350649352,0.9230769230769231,0.6190476190476191,0.7352941176470589,0.1904031911653338,0.17144516373381896,0.33333333333333326,0.6666666666666667,34,34
42,nacc_to_adni,ce_only,target,unknown,complete,1.0,,0.5,,1.0,1.0,0.00020200357010637993,0.01421278715133667,,,1,1
42,nacc_to_adni,ce_only,source_val,3T,complete,0.7761987794245859,0.9394943330427201,0.6376598867687147,0.9459459459459459,0.6064516129032258,0.671875,0.24680450944735133,0.21459632965787828,0.15037593984962405,0.849624060150376,192,192
42,nacc_to_adni,ce_only,source_test,3T,complete,0.7935483870967741,0.9595466434176112,0.6380346412159774,1.0,0.5870967741935483,0.6666666666666666,0.23698295648046175,0.2192075054626912,0.10526315789473673,0.8947368421052633,192,192
42,nacc_to_adni,mixstyle,target,1.5T,complete,0.8157596371882085,0.9154518950437317,0.8077253218884122,0.753968253968254,0.8775510204081632,0.8080357142857143,0.12971237100269134,0.08578381065509291,0.1428571428571428,0.8571428571428572,224,224
42,nacc_to_adni,mixstyle,target,3T,complete,0.7362637362637363,0.8901098901098902,0.7424242424242424,0.6153846153846154,0.8571428571428571,0.7647058823529411,0.1528890241697115,0.15634154002456094,0.33333333333333337,0.6666666666666666,34,34
42,nacc_to_adni,mixstyle,target,unknown,complete,1.0,,0.5,,1.0,1.0,1.330394603220893e-06,0.001153409481048584,,,1,1
42,nacc_to_adni,mixstyle,source_val,3T,complete,0.8608544027898867,0.9229293809938971,0.8201966599032309,0.8378378378378378,0.8838709677419355,0.875,0.10104171288987007,0.08758447517175239,0.17003446115288234,0.819548872180451,192,192
42,nacc_to_adni,mixstyle,source_test,3T,complete,0.9310374891020052,0.9752397558849172,0.8866810938422192,0.9459459459459459,0.9161290322580645,0.921875,0.06539281747971827,0.05218952905367289,0.10317460317460314,0.8968253968253969,192,192
42,nacc_to_adni,metadata,target,1.5T,complete,0.49829931972789115,0.5346614836410755,0.453981777304461,0.8333333333333334,0.16326530612244897,0.5401785714285714,0.3816753472222222,0.3481398809523809,0.28525641025641013,0.48557692307692313,224,224
42,nacc_to_adni,metadata,target,3T,complete,0.5421245421245421,0.5274725274725275,0.4535714285714285,0.8461538461538461,0.23809523809523808,0.47058823529411764,0.48921368507973156,0.5243589243847037,0.36666666666666675,0.3,34,34
42,nacc_to_adni,metadata,target,unknown,complete,1.0,,0.5,,1.0,1.0,5.28461726896279e-07,0.0007269382476806641,,,1,1
42,nacc_to_adni,metadata,source_val,3T,complete,0.8531822144725371,0.9351351351351351,0.8391151332327802,0.7837837837837838,0.9225806451612903,0.8958333333333334,0.08628129161000346,0.06428941603129115,0.12030075187969924,0.8796992481203008,192,192
42,nacc_to_adni,metadata,source_test,3T,complete,0.9130775937227551,0.9698343504795118,0.9088673139158576,0.8648648648648649,0.9612903225806452,0.9427083333333334,0.05232880634145091,0.04196513193245575,0.06666666666666665,0.9333333333333333,192,192
42,nacc_to_adni,metadata_xda,target,1.5T,complete,0.5158730158730158,0.48003725299643674,0.33894533139816163,0.031746031746031744,1.0,0.45535714285714285,0.5505654761904762,0.5553571428571429,0.14835164835164832,0.4230769230769231,224,224
42,nacc_to_adni,metadata_xda,target,3T,complete,0.5879120879120879,0.5677655677655677,0.5888372093023256,0.46153846153846156,0.7142857142857143,0.6176470588235294,0.3375340971930369,0.33445778310391333,0.6222222222222222,0.1,34,34
42,nacc_to_adni,metadata_xda,target,unknown,complete,1.0,,0.5,,1.0,1.0,6.927284418385224e-12,2.682209014892578e-06,,,1,1
42,nacc_to_adni,metadata_xda,source_val,3T,complete,0.8596338273757629,0.9415867480383611,0.8523581681476418,0.7837837837837838,0.9354838709677419,0.90625,0.06963784099993275,0.03882990989627117,0.15037593984962416,0.8496240601503758,192,192
42,nacc_to_adni,metadata_xda,source_test,3T,complete,0.8789886660854402,0.9769834350479512,0.8951774340309373,0.7837837837837838,0.9741935483870968,0.9375,0.0442398667773348,0.028671290208068217,0.06666666666666676,0.9333333333333332,192,192
42,nacc_to_adni,apis_v2,target,1.5T,complete,0.8100907029478458,0.9111597019760285,0.7990711025175912,0.7222222222222222,0.8979591836734694,0.7991071428571429,0.16874936229115,0.14692026442766998,0.13770180436847113,0.8622981956315289,224,224
42,nacc_to_adni,apis_v2,target,3T,complete,0.7838827838827839,0.9084249084249084,0.7984189723320159,0.6153846153846154,0.9523809523809523,0.8235294117647058,0.14434930027215337,0.13996516591778,0.303030303030303,0.696969696969697,34,34
42,nacc_to_adni,apis_v2,target,unknown,complete,1.0,,0.5,,1.0,1.0,2.3706067080135e-08,0.00015395879745483398,,,1,1
42,nacc_to_adni,apis_v2,source_val,3T,complete,0.8693112467306016,0.937227550130776,0.873144518345593,0.7837837837837838,0.9548387096774194,0.921875,0.06730317277267585,0.053468182799406426,0.3142857142857143,0.6857142857142857,192,192
42,nacc_to_adni,apis_v2,source_test,3T,complete,0.8969485614646906,0.9632083696599826,0.8736842105263158,0.8648648648648649,0.9290322580645162,0.9166666666666666,0.07056820056178341,0.0683058726636874,0.05789473684210522,0.9421052631578948,192,192
43,adni_to_nacc,ce_only,target,3T,complete,0.8327290155872301,0.9078728015337167,0.808931729662993,0.7688172043010753,0.896640826873385,0.871875,0.10087109041212045,0.056234417268489094,0.08269272430817654,0.8762071992976295,960,960
43,adni_to_nacc,ce_only,source_val,1.5T,complete,0.7769230769230769,0.8980769230769232,0.7607565011820331,0.6538461538461539,0.9,0.7608695652173914,0.1703437143655466,0.1567473544077812,0.2571428571428571,0.7428571428571429,46,46
43,adni_to_nacc,ce_only,source_val,3T,complete,0.7285714285714285,0.7714285714285715,0.7333333333333332,0.6,0.8571428571428571,0.75,0.24258135035149622,0.2301597259938717,0.625,0.375,12,12
43,adni_to_nacc,ce_only,source_test,1.5T,complete,0.8512145748987854,0.9392712550607287,0.843205574912892,0.8076923076923077,0.8947368421052632,0.8444444444444444,0.11056278804052905,0.06035598687551638,0.125,0.875,45,45
43,adni_to_nacc,ce_only,source_test,3T,complete,1.0,,0.5,,1.0,1.0,0.006983012474491782,0.039372593164444004,,,6,6
43,adni_to_nacc,mixstyle,target,3T,complete,0.7966158206218221,0.9042746797810564,0.7966158206218221,0.6720430107526881,0.9211886304909561,0.8729166666666667,0.09808359412742255,0.0549456497499099,0.10250107948317666,0.8516624040920716,960,960
43,adni_to_nacc,mixstyle,source_val,1.5T,complete,0.8153846153846154,0.8923076923076922,0.8042553191489361,0.7307692307692307,0.9,0.8043478260869565,0.14269242092418727,0.12603993416912315,0.19999999999999996,0.8,46,46
43,adni_to_nacc,mixstyle,source_val,3T,complete,0.7285714285714285,0.7428571428571429,0.7333333333333332,0.6,0.8571428571428571,0.75,0.2325467199747745,0.2481267336342069,0.375,0.625,12,12
43,adni_to_nacc,mixstyle,source_test,1.5T,complete,0.8248987854251012,0.8947368421052632,0.8200000000000001,0.8076923076923077,0.8421052631578947,0.8222222222222222,0.1407721402190015,0.10794466281378715,0.29166666666666663,0.7083333333333334,45,45
43,adni_to_nacc,mixstyle,source_test,3T,complete,1.0,,0.5,,1.0,1.0,0.004270563133549436,0.03452466924985246,,,6,6
43,adni_to_nacc,metadata,target,3T,complete,0.5,0.5,0.4463667820069204,0.0,1.0,0.80625,0.19375,0.19374999999999998,0.0,0.5,960,960
43,adni_to_nacc,metadata,source_val,1.5T,complete,0.7961538461538462,0.8730769230769231,0.7826086956521738,0.6923076923076923,0.9,0.782608695652174,0.17486024337165998,0.12088912548362334,0.2857142857142858,0.7142857142857142,46,46
43,adni_to_nacc,metadata,source_val,3T,complete,0.6571428571428571,0.6285714285714286,0.6571428571428571,0.6,0.7142857142857143,0.6666666666666666,0.2589610029038785,0.3035280716915925,0.625,0.375,12,12
43,adni_to_nacc,metadata,source_test,1.5T,complete,0.7813765182186234,0.9089068825910931,0.7550717466600694,0.6153846153846154,0.9473684210526315,0.7555555555555555,0.1539688958313003,0.0636129426900987,0.25,0.75,45,45
43,adni_to_nacc,metadata,source_test,3T,complete,1.0,,0.5,,1.0,1.0,0.023500731530073787,0.11804678870571983,,,6,6
43,adni_to_nacc,metadata_xda,target,3T,complete,0.5,0.5,0.16230366492146597,1.0,0.0,0.19375,0.80625,0.80625,0.0,0.5,960,960
43,adni_to_nacc,metadata_xda,source_val,1.5T,complete,0.8730769230769231,0.9096153846153846,0.8685714285714285,0.8461538461538461,0.9,0.8695652173913043,0.13476001559392511,0.16096285590227094,0.17142857142857149,0.8285714285714285,46,46
43,adni_to_nacc,metadata_xda,source_val,3T,complete,0.7285714285714285,0.8285714285714285,0.7333333333333332,0.6,0.8571428571428571,0.75,0.2267008783307823,0.24424836991561777,0.375,0.625,12,12
43,adni_to_nacc,metadata_xda,source_test,1.5T,complete,0.7651821862348178,0.8947368421052632,0.7685185185185185,0.8461538461538461,0.6842105263157895,0.7777777777777778,0.1550430441294353,0.12173165873244951,0.33333333333333337,0.6666666666666666,45,45
43,adni_to_nacc,metadata_xda,source_test,3T,complete,1.0,,0.5,,1.0,1.0,0.011338470626692394,0.053023432691891983,,,6,6
43,adni_to_nacc,apis_v2,target,3T,complete,0.7711302825706426,0.8768025339668251,0.7750429458661852,0.6236559139784946,0.9186046511627907,0.8614583333333333,0.10383490182231264,0.01782519007101659,0.1443053110572292,0.7948849104859336,960,960
43,adni_to_nacc,apis_v2,source_val,1.5T,complete,0.8423076923076923,0.8865384615384615,0.8442186744073537,0.8846153846153846,0.8,0.8478260869565217,0.13634865152585723,0.09111361954955088,0.3142857142857143,0.6857142857142857,46,46
43,adni_to_nacc,apis_v2,source_val,3T,complete,0.7285714285714285,0.8,0.7333333333333332,0.6,0.8571428571428571,0.75,0.1905986700220963,0.13775729512174917,0.5,0.5,12,12
43,adni_to_nacc,apis_v2,source_test,1.5T,complete,0.791497975708502,0.8866396761133604,0.7934727180010198,0.8461538461538461,0.7368421052631579,0.8,0.1331603726921296,0.05630087668145147,0.2857142857142857,0.7142857142857143,45,45
43,adni_to_nacc,apis_v2,source_test,3T,complete,1.0,,0.5,,1.0,1.0,0.03629734952788035,0.15307352609104577,,,6,6
43,nacc_to_adni,ce_only,target,1.5T,complete,0.8140589569160998,0.9302721088435375,0.8035087719298246,0.7301587301587301,0.8979591836734694,0.8035714285714286,0.1430942807612763,0.11348860346673376,0.1428571428571428,0.8571428571428572,224,224
43,nacc_to_adni,ce_only,target,3T,complete,0.6978021978021978,0.8754578754578755,0.7043478260869565,0.5384615384615384,0.8571428571428571,0.7352941176470589,0.19160584260344046,0.18873910766606244,0.30000000000000004,0.7,34,34
43,nacc_to_adni,ce_only,target,unknown,complete,1.0,,0.5,,1.0,1.0,3.373362892360216e-13,5.960464477539062e-07,,,1,1
43,nacc_to_adni,ce_only,source_val,3T,complete,0.8408892763731474,0.9335658238884046,0.7993730407523512,0.8108108108108109,0.8709677419354839,0.859375,0.10391646121448973,0.09755620053814101,0.15671788166067346,0.8345864661654135,192,192
43,nacc_to_adni,ce_only,source_test,3T,complete,0.9207497820401047,0.9762859633827377,0.8847216106952728,0.918918918918919,0.9225806451612903,0.921875,0.0683281140088605,0.05591675050608416,0.06666666666666665,0.9333333333333333,192,192
43,nacc_to_adni,mixstyle,target,1.5T,complete,0.7981859410430838,0.8932620667314546,0.7857142857142857,0.6984126984126984,0.8979591836734694,0.7857142857142857,0.16614733095516096,0.12939834687831095,0.19890109890109897,0.7857142857142857,224,224
43,nacc_to_adni,mixstyle,target,3T,complete,0.7747252747252746,0.8717948717948718,0.7786046511627907,0.6923076923076923,0.8571428571428571,0.7941176470588235,0.16226663490882998,0.14733820715371299,0.4242424242424243,0.5757575757575757,34,34
43,nacc_to_adni,mixstyle,target,unknown,complete,1.0,,0.5,,1.0,1.0,3.0390806688285634e-06,0.001743316650390625,,,1,1
43,nacc_to_adni,mixstyle,source_val,3T,complete,0.8911072362685266,0.9384481255448998,0.8439568094740508,0.8918918918918919,0.8903225806451613,0.890625,0.08028069623467216,0.04223482515145499,0.18045112781954886,0.8195488721804511,192,192
43,nacc_to_adni,mixstyle,source_test,3T,complete,0.8666957279860505,0.9595466434176111,0.8485992944594314,0.8108108108108109,0.9225806451612903,0.9010416666666666,0.07006390531764146,0.04535014270287417,0.05980066445182719,0.9285714285714286,192,192
43,nacc_to_adni,metadata,target,1.5T,complete,0.5051020408163266,0.46533851635892454,0.36350405433501976,0.07142857142857142,0.9387755102040817,0.45089285714285715,0.4728955853174604,0.4649553571428572,0.2852564102564102,0.22916666666666669,224,224
43,nacc_to_adni,metadata,target,3T,complete,0.46703296703296704,0.4835164835164836,0.4117647058823529,0.07692307692307693,0.8571428571428571,0.5588235294117647,0.4017586172740278,0.40598304923989026,0.3666666666666666,0.33333333333333337,34,34
43,nacc_to_adni,metadata,target,unknown,complete,1.0,,0.5,,1.0,1.0,0.0014230190497492613,0.03772297501564026,,,1,1
43,nacc_to_adni,metadata,source_val,3T,complete,0.8441150828247603,0.925893635571055,0.8052130482285,0.8108108108108109,0.8774193548387097,0.8645833333333334,0.10290953937727103,0.0726868939430762,0.18666666666666665,0.8,192,192
43,nacc_to_adni,metadata,source_test,3T,complete,0.8969485614646906,0.9611159546643417,0.8736842105263158,0.8648648648648649,0.9290322580645162,0.9166666666666666,0.06289449100264581,0.03243822314673007,0.1333333333333333,0.8666666666666667,192,192
43,nacc_to_adni,metadata_xda,target,1.5T,complete,0.5,0.5,0.36,1.0,0.0,0.5625,0.4375,0.4375,0.0,0.5,224,224
43,nacc_to_adni,metadata_xda,target,3T,complete,0.5476190476190477,0.5256410256410257,0.3758454106280193,1.0,0.09523809523809523,0.4411764705882353,0.5306674725334771,0.5364089059482915,0.29090909090909084,0.3,34,34
43,nacc_to_adni,metadata_xda,target,unknown,complete,1.0,,0.5,,1.0,1.0,2.021649211292088e-07,0.0004495978355407715,,,1,1
43,nacc_to_adni,metadata_xda,source_val,3T,complete,0.8249346120313863,0.9204882301656495,0.8536306460834763,0.6756756756756757,0.9741935483870968,0.9166666666666666,0.07552489123527142,0.06446572801926076,0.1428571428571428,0.8571428571428572,192,192
43,nacc_to_adni,metadata_xda,source_test,3T,complete,0.8757628596338274,0.9666957279860506,0.8876839310624127,0.7837837837837838,0.967741935483871,0.9322916666666666,0.05760000675660606,0.03907665281763501,0.09999999999999987,0.9000000000000001,192,192
43,nacc_to_adni,apis_v2,target,1.5T,complete,0.8679138321995465,0.935617103984451,0.861139440478333,0.8174603174603174,0.9183673469387755,0.8616071428571429,0.11358415243898136,0.07732138030841329,0.11500474833808161,0.8670465337132004,224,224
43,nacc_to_adni,apis_v2,target,3T,complete,0.8223443223443223,0.9377289377289377,0.8357487922705313,0.6923076923076923,0.9523809523809523,0.8529411764705882,0.10755678901864736,0.09401588025046317,0.21212121212121215,0.7878787878787878,34,34
43,nacc_to_adni,apis_v2,target,unknown,complete,1.0,,0.5,,1.0,1.0,2.8840841804407897e-12,1.7285346984863281e-06,,,1,1
43,nacc_to_adni,apis_v2,source_val,3T,complete,0.8396687009590236,0.9387968613775065,0.8294344092389696,0.7567567567567568,0.9225806451612903,0.890625,0.08138417387590899,0.05469140801061352,0.1278195488721805,0.8721804511278195,192,192
43,nacc_to_adni,apis_v2,source_test,3T,complete,0.8699215344376635,0.9600697471665214,0.8552036199095023,0.8108108108108109,0.9290322580645162,0.90625,0.0665489236526796,0.03689954956320829,0.0744702665755298,0.9157894736842105,192,192
44,adni_to_nacc,ce_only,target,3T,complete,0.5927940318412936,0.8940429551832403,0.6118711204948855,0.1881720430107527,0.9974160206718347,0.840625,0.11927229391958,0.09403980865867603,0.09737270402232046,0.8363171355498721,960,960
44,adni_to_nacc,ce_only,source_val,1.5T,complete,0.6865384615384615,0.9,0.6413255360623782,0.4230769230769231,0.95,0.6521739130434783,0.23866268439925856,0.17807719950442727,0.20000000000000007,0.7999999999999999,46,46
44,adni_to_nacc,ce_only,source_val,3T,complete,0.7285714285714285,0.7142857142857143,0.7333333333333332,0.6,0.8571428571428571,0.75,0.23080609962577625,0.2819636130912436,0.5,0.5,12,12
44,adni_to_nacc,ce_only,source_test,1.5T,complete,0.6923076923076923,0.9008097165991903,0.6296296296296297,0.38461538461538464,1.0,0.6444444444444445,0.23191104959047854,0.18342795662305977,0.33333333333333337,0.6666666666666666,45,45
44,adni_to_nacc,ce_only,source_test,3T,complete,1.0,,0.5,,1.0,1.0,0.0024377307436756145,0.04016757011413574,,,6,6
44,adni_to_nacc,mixstyle,target,3T,complete,0.7934275235475535,0.8658831374510296,0.7384520123839009,0.7741935483870968,0.8126614987080103,0.8052083333333333,0.14357195926875121,0.07096174454264766,0.09346772630354727,0.8226514486391571,960,960
44,adni_to_nacc,mixstyle,source_val,1.5T,complete,0.8173076923076923,0.8769230769230769,0.8206627680311891,0.8846153846153846,0.75,0.8260869565217391,0.14856634175483469,0.12386262339094403,0.2857142857142858,0.7142857142857142,46,46
44,adni_to_nacc,mixstyle,source_val,3T,complete,0.7571428571428571,0.8285714285714286,0.7482517482517481,0.8,0.7142857142857143,0.75,0.19877655048736106,0.19525751885440612,0.375,0.625,12,12
44,adni_to_nacc,mixstyle,source_test,1.5T,complete,0.7702429149797572,0.8744939271255061,0.7785675232367415,0.9615384615384616,0.5789473684210527,0.8,0.14774808870657868,0.10184675225505121,0.45833333333333326,0.5416666666666667,45,45
44,adni_to_nacc,mixstyle,source_test,3T,complete,0.8333333333333334,,0.45454545454545453,,0.8333333333333334,0.8333333333333334,0.14991032464057052,0.258924212720659,,,6,6
44,adni_to_nacc,metadata,target,3T,complete,0.5,0.5,0.16230366492146597,1.0,0.0,0.19375,0.80625,0.80625,0.0,0.5,960,960
44,adni_to_nacc,metadata,source_val,1.5T,complete,0.8346153846153846,0.901923076923077,0.8257575757575757,0.7692307692307693,0.9,0.8260869565217391,0.1547621804227671,0.1341417714413526,0.33333333333333337,0.6666666666666666,46,46
44,adni_to_nacc,metadata,source_val,3T,complete,0.7285714285714285,0.7714285714285714,0.7333333333333332,0.6,0.8571428571428571,0.75,0.2508321060005419,0.2669770539634757,0.375,0.625,12,12
44,adni_to_nacc,metadata,source_test,1.5T,complete,0.8390688259109311,0.917004048582996,0.8221343873517787,0.7307692307692307,0.9473684210526315,0.8222222222222222,0.12020803464488944,0.1428594943549898,0.2142857142857143,0.7857142857142857,45,45
44,adni_to_nacc,metadata,source_test,3T,complete,1.0,,0.5,,1.0,1.0,0.009461301062921016,0.04715874128871498,,,6,6
44,adni_to_nacc,metadata_xda,target,3T,complete,0.5,0.5,0.16230366492146597,1.0,0.0,0.19375,0.80625,0.80625,0.0,0.5,960,960
44,adni_to_nacc,metadata_xda,source_val,1.5T,complete,0.8673076923076923,0.8942307692307693,0.8673076923076923,0.8846153846153846,0.85,0.8695652173913043,0.11114542944742696,0.08493659174528673,0.25714285714285723,0.7428571428571428,46,46
44,adni_to_nacc,metadata_xda,source_val,3T,complete,0.7571428571428571,0.7428571428571429,0.7482517482517481,0.8,0.7142857142857143,0.75,0.19599573770566617,0.1972085047099325,0.5,0.5,12,12
44,adni_to_nacc,metadata_xda,source_test,1.5T,complete,0.7702429149797572,0.9149797570850202,0.7785675232367415,0.9615384615384616,0.5789473684210527,0.8,0.13665518225054846,0.08817512653492109,0.25,0.75,45,45
44,adni_to_nacc,metadata_xda,source_test,3T,complete,0.8333333333333334,,0.45454545454545453,,0.8333333333333334,0.8333333333333334,0.12187867761325284,0.05749652783075968,,,6,6
44,adni_to_nacc,apis_v2,target,3T,complete,0.815620571809619,0.8848601039148676,0.7866666666666667,0.7526881720430108,0.8785529715762274,0.8541666666666666,0.11448488593131398,0.04856068072323169,0.15302710477649284,0.7831431079894645,960,960
44,adni_to_nacc,apis_v2,source_val,1.5T,complete,0.8096153846153846,0.9,0.8035121025154248,0.7692307692307693,0.85,0.8043478260869565,0.13323452853265136,0.08587354728277186,0.33333333333333337,0.6666666666666666,46,46
44,adni_to_nacc,apis_v2,source_val,3T,complete,0.6571428571428571,0.8,0.6571428571428571,0.6,0.7142857142857143,0.6666666666666666,0.22490661868549186,0.2246621660888195,0.375,0.625,12,12
44,adni_to_nacc,apis_v2,source_test,1.5T,complete,0.8178137651821862,0.9230769230769231,0.8178137651821862,0.8461538461538461,0.7894736842105263,0.8222222222222222,0.12130717939061131,0.09410451891245661,0.33333333333333337,0.6666666666666666,45,45
44,adni_to_nacc,apis_v2,source_test,3T,complete,1.0,,0.5,,1.0,1.0,0.026719032615080785,0.09317353367805484,,,6,6
44,nacc_to_adni,ce_only,target,1.5T,complete,0.8208616780045351,0.902332361516035,0.8122605363984674,0.753968253968254,0.8877551020408163,0.8125,0.14394541123409557,0.08016057746260363,0.16714150047483378,0.8328584995251662,224,224
44,nacc_to_adni,ce_only,target,3T,complete,0.7985347985347986,0.8864468864468864,0.8068181818181819,0.6923076923076923,0.9047619047619048,0.8235294117647058,0.14621987503761671,0.12846697326384326,0.36363636363636365,0.6363636363636364,34,34
44,nacc_to_adni,ce_only,target,unknown,complete,1.0,,0.5,,1.0,1.0,4.298278967106734e-06,0.0020732879638671875,,,1,1
44,nacc_to_adni,ce_only,source_val,3T,complete,0.8223190932868352,0.9238012205754141,0.8290598290598291,0.7027027027027027,0.9419354838709677,0.8958333333333334,0.08554958010896375,0.06884022309289627,0.167080745341615,0.8285714285714285,192,192
44,nacc_to_adni,ce_only,source_test,3T,complete,0.8763731473408893,0.9585004359197908,0.8687628161312372,0.8108108108108109,0.9419354838709677,0.9166666666666666,0.06763369413512861,0.05917254336074831,0.08730158730158732,0.9126984126984127,192,192
44,nacc_to_adni,mixstyle,target,1.5T,complete,0.7261904761904762,0.9171525753158407,0.6812867305907826,0.4523809523809524,1.0,0.6919642857142857,0.25786263735202214,0.2434539049353805,0.2142857142857143,0.7857142857142857,224,224
44,nacc_to_adni,mixstyle,target,3T,complete,0.7307692307692308,0.9157509157509157,0.744360902255639,0.46153846153846156,1.0,0.7941176470588235,0.16959493914386622,0.14518658247064137,0.24242424242424243,0.7575757575757576,34,34
44,nacc_to_adni,mixstyle,target,unknown,complete,1.0,,0.5,,1.0,1.0,5.243564492879468e-09,7.241964340209961e-05,,,1,1
44,nacc_to_adni,mixstyle,source_val,3T,complete,0.804359197907585,0.9353095030514387,0.8461230214385895,0.6216216216216216,0.9870967741935484,0.9166666666666666,0.07132337808767979,0.060710759212573434,0.1278195488721805,0.8721804511278195,192,192
44,nacc_to_adni,mixstyle,source_test,3T,complete,0.774106364428945,0.969485614646905,0.8148505303760849,0.5675675675675675,0.9806451612903225,0.9010416666666666,0.07125527023293787,0.05663514306070283,0.06666666666666665,0.9333333333333333,192,192
44,nacc_to_adni,metadata,target,1.5T,complete,0.5,0.5,0.30434782608695654,0.0,1.0,0.4375,0.5625,0.5625,0.0,0.5,224,224
44,nacc_to_adni,metadata,target,3T,complete,0.5,0.48901098901098894,0.38181818181818183,0.0,1.0,0.6176470588235294,0.3689757908978899,0.3838130068399157,0.2909090909090909,0.40909090909090906,34,34
44,nacc_to_adni,metadata,target,unknown,complete,1.0,,0.5,,1.0,1.0,2.684822029737732e-09,5.179643630981445e-05,,,1,1
44,nacc_to_adni,metadata,source_val,3T,complete,0.8699215344376635,0.9316477768090671,0.8552036199095023,0.8108108108108109,0.9290322580645162,0.90625,0.07433412404735407,0.056190794075114854,0.13244047619047639,0.857142857142857,192,192
44,nacc_to_adni,metadata,source_test,3T,complete,0.9034001743679163,0.9527462946817786,0.8873805932629462,0.8648648648648649,0.9419354838709677,0.9270833333333334,0.06478601171531405,0.04688002226046392,0.11111111111111116,0.8888888888888888,192,192
44,nacc_to_adni,metadata_xda,target,1.5T,complete,0.5147392290249433,0.5199627470035634,0.41437908496732023,0.9682539682539683,0.061224489795918366,0.5714285714285714,0.42794642857142856,0.4303571428571429,0.14835164835164832,0.42857142857142855,224,224
44,nacc_to_adni,metadata_xda,target,3T,complete,0.44505494505494503,0.46886446886446886,0.4367916303400174,0.46153846153846156,0.42857142857142855,0.4411764705882353,0.515369187380567,0.4998645423089756,0.6222222222222222,0.2777777777777778,34,34
44,nacc_to_adni,metadata_xda,target,unknown,complete,1.0,,0.5,,1.0,1.0,1.679433436271421e-10,1.2934207916259766e-05,,,1,1
44,nacc_to_adni,metadata_xda,source_val,3T,complete,0.831996512641674,0.9150828247602442,0.8498274672187716,0.7027027027027027,0.9612903225806452,0.9114583333333334,0.07590034176380918,0.06378605203806531,0.2857142857142857,0.7142857142857143,192,192
44,nacc_to_adni,metadata_xda,source_test,3T,complete,0.8217088055797733,0.9733217088055798,0.846320448232026,0.6756756756756757,0.967741935483871,0.9114583333333334,0.05378970503169377,0.046528251660573866,0.06666666666666665,0.9333333333333333,192,192
44,nacc_to_adni,apis_v2,target,1.5T,complete,0.8066893424036281,0.9003077421444768,0.7987823136041521,0.746031746031746,0.8673469387755102,0.7991071428571429,0.14162328984158581,0.06528293939828435,0.15194681861348525,0.8480531813865148,224,224
44,nacc_to_adni,apis_v2,target,3T,complete,0.7985347985347986,0.8864468864468864,0.8068181818181819,0.6923076923076923,0.9047619047619048,0.8235294117647058,0.1303451983142381,0.13114993011250212,0.303030303030303,0.696969696969697,34,34
44,nacc_to_adni,apis_v2,target,unknown,complete,1.0,,0.5,,1.0,1.0,1.1823109390945844e-06,0.0010873377323150635,,,1,1
44,nacc_to_adni,apis_v2,source_val,3T,complete,0.8428945074106364,0.9293809938971229,0.8359535201640466,0.7567567567567568,0.9290322580645162,0.8958333333333334,0.07893017417552332,0.04004534427076594,0.19999999999999996,0.8,192,192
44,nacc_to_adni,apis_v2,source_test,3T,complete,0.8364428945074107,0.9576285963382738,0.8230266465560584,0.7567567567567568,0.9161290322580645,0.8854166666666666,0.07027965653770786,0.039284301106818124,0.0888888888888889,0.9111111111111111,192,192
45,adni_to_nacc,ce_only,target,3T,complete,0.7339543219138118,0.8856728070906617,0.7666528056504733,0.5053763440860215,0.962532299741602,0.8739583333333333,0.09394566397986713,0.030532317725010215,0.07225645198790986,0.8659846547314578,960,960
45,adni_to_nacc,ce_only,source_val,1.5T,complete,0.801923076923077,0.9211538461538462,0.7821969696969697,0.6538461538461539,0.95,0.782608695652174,0.16820500373618877,0.14749411737573312,0.2857142857142858,0.7142857142857142,46,46
45,adni_to_nacc,ce_only,source_val,3T,complete,0.7285714285714285,0.8,0.7333333333333332,0.6,0.8571428571428571,0.75,0.22446903299804347,0.2991588769687546,0.625,0.375,12,12
45,adni_to_nacc,ce_only,source_test,1.5T,complete,0.8461538461538461,0.9372469635627532,0.8221343873517786,0.6923076923076923,1.0,0.8222222222222222,0.14335066046234204,0.12899443783141948,0.25,0.75,45,45
45,adni_to_nacc,ce_only,source_test,3T,complete,1.0,,0.5,,1.0,1.0,0.008167375288674911,0.05280267695585883,,,6,6
45,adni_to_nacc,mixstyle,target,3T,complete,0.7451237809452362,0.8825539718262899,0.7656635841891041,0.5483870967741935,0.9418604651162791,0.865625,0.11315236186801618,0.09594005947518691,0.09522462696387779,0.8331870061457419,960,960
45,adni_to_nacc,mixstyle,source_val,1.5T,complete,0.801923076923077,0.8846153846153846,0.7821969696969697,0.6538461538461539,0.95,0.782608695652174,0.20523446027319597,0.2102363267225093,0.2857142857142858,0.7142857142857142,46,46
45,adni_to_nacc,mixstyle,source_val,3T,complete,0.7285714285714285,0.7428571428571429,0.7333333333333332,0.6,0.8571428571428571,0.75,0.24942892170646655,0.24478041960133445,0.625,0.375,12,12
45,adni_to_nacc,mixstyle,source_test,1.5T,complete,0.812753036437247,0.9149797570850202,0.7996041563582384,0.7307692307692307,0.8947368421052632,0.8,0.1431446677893021,0.14301734164771107,0.2142857142857143,0.7857142857142857,45,45
45,adni_to_nacc,mixstyle,source_test,3T,complete,1.0,,0.5,,1.0,1.0,0.0002405605781531439,0.0064284950494766235,,,6,6
45,adni_to_nacc,metadata,target,3T,complete,0.5,0.5,0.4463667820069204,0.0,1.0,0.80625,0.19375,0.19374999999999998,0.0,0.5,960,960
45,adni_to_nacc,metadata,source_val,1.5T,complete,0.8346153846153846,0.923076923076923,0.8257575757575757,0.7692307692307693,0.9,0.8260869565217391,0.14395881086183782,0.14468369855666938,0.2571428571428571,0.7428571428571429,46,46
45,adni_to_nacc,metadata,source_val,3T,complete,0.7285714285714285,0.8571428571428572,0.7333333333333332,0.6,0.8571428571428571,0.75,0.2420117481367423,0.23756382862726844,0.5,0.5,12,12
45,adni_to_nacc,metadata,source_test,1.5T,complete,0.8178137651821862,0.902834008097166,0.8178137651821862,0.8461538461538461,0.7894736842105263,0.8222222222222222,0.15414879162958484,0.1720094923730251,0.25,0.75,45,45
45,adni_to_nacc,metadata,source_test,3T,complete,1.0,,0.5,,1.0,1.0,0.013877837580509818,0.06807170311609903,,,6,6
45,adni_to_nacc,metadata_xda,target,3T,complete,0.5,0.5,0.4463667820069204,0.0,1.0,0.80625,0.19375,0.19374999999999998,0.0,0.5,960,960
45,adni_to_nacc,metadata_xda,source_val,1.5T,complete,0.8153846153846154,0.8788461538461538,0.8042553191489361,0.7307692307692307,0.9,0.8043478260869565,0.18116986615469416,0.18141625781638043,0.2857142857142858,0.7142857142857142,46,46
45,adni_to_nacc,metadata_xda,source_val,3T,complete,0.7285714285714285,0.6857142857142857,0.7333333333333332,0.6,0.8571428571428571,0.75,0.24655358859032928,0.2359768181211419,0.625,0.375,12,12
45,adni_to_nacc,metadata_xda,source_test,1.5T,complete,0.8248987854251012,0.9048582995951416,0.8200000000000001,0.8076923076923077,0.8421052631578947,0.8222222222222222,0.13285458774924083,0.11632100753900065,0.125,0.875,45,45
45,adni_to_nacc,metadata_xda,source_test,3T,complete,1.0,,0.5,,1.0,1.0,0.00022682599022703082,0.010957906643549564,,,6,6
45,adni_to_nacc,apis_v2,target,3T,complete,0.7984912894890389,0.8863396404656719,0.7491671565745639,0.7688172043010753,0.8281653746770026,0.8166666666666667,0.15498359144863041,0.14063988550397974,0.12627618211463676,0.8182616330114136,960,960
45,adni_to_nacc,apis_v2,source_val,1.5T,complete,0.8038461538461539,0.9173076923076924,0.8020086083213773,0.8076923076923077,0.8,0.8043478260869565,0.1584160232216069,0.1541786047643509,0.2857142857142858,0.7142857142857142,46,46
45,adni_to_nacc,apis_v2,source_val,3T,complete,0.7285714285714285,0.8285714285714285,0.7333333333333332,0.6,0.8571428571428571,0.75,0.22278407488009155,0.25234192030297375,0.5,0.5,12,12
45,adni_to_nacc,apis_v2,source_test,1.5T,complete,0.8491902834008097,0.9331983805668016,0.8581932773109244,0.9615384615384616,0.7368421052631579,0.8666666666666667,0.13174795734957556,0.14295280937795285,0.33333333333333337,0.6666666666666666,45,45
45,adni_to_nacc,apis_v2,source_test,3T,complete,1.0,,0.5,,1.0,1.0,0.04498287611388641,0.11697759479284285,,,6,6
45,nacc_to_adni,ce_only,target,1.5T,complete,0.7029478458049887,0.9186103012633625,0.6587615283267457,0.4365079365079365,0.9693877551020408,0.6696428571428571,0.2521720667569701,0.2288177085857438,0.1428571428571428,0.8571428571428572,224,224
45,nacc_to_adni,ce_only,target,3T,complete,0.63003663003663,0.8388278388278388,0.6222222222222222,0.3076923076923077,0.9523809523809523,0.7058823529411765,0.22846666030929105,0.23345675217170342,0.36363636363636365,0.6363636363636364,34,34
45,nacc_to_adni,ce_only,target,unknown,complete,1.0,,0.5,,1.0,1.0,2.604627860000826e-09,5.1021575927734375e-05,,,1,1
45,nacc_to_adni,ce_only,source_val,3T,complete,0.798517872711421,0.9243243243243243,0.8144927536231883,0.6486486486486487,0.9483870967741935,0.890625,0.08246610568815453,0.06550648050486223,0.21052631578947367,0.7894736842105263,192,192
45,nacc_to_adni,ce_only,source_test,3T,complete,0.8519616390584133,0.9741935483870967,0.8749069247952346,0.7297297297297297,0.9741935483870968,0.9270833333333334,0.05247860153608753,0.04074919692033683,0.04444444444444451,0.9555555555555555,192,192
45,nacc_to_adni,mixstyle,target,1.5T,complete,0.808390022675737,0.9108357628765793,0.7946264848919716,0.6984126984126984,0.9183673469387755,0.7946428571428571,0.1612171000015332,0.12557968798653388,0.15669515669515666,0.8433048433048433,224,224
45,nacc_to_adni,mixstyle,target,3T,complete,0.76007326007326,0.8827838827838829,0.770048309178744,0.6153846153846154,0.9047619047619048,0.7941176470588235,0.15608643211713083,0.1600392265062707,0.3030303030303031,0.6969696969696969,34,34
45,nacc_to_adni,mixstyle,target,unknown,complete,1.0,,0.5,,1.0,1.0,6.281664756621772e-11,7.927417755126953e-06,,,1,1
45,nacc_to_adni,mixstyle,source_val,3T,complete,0.8428945074106364,0.9147340889276373,0.8359535201640466,0.7567567567567568,0.9290322580645162,0.8958333333333334,0.08886148354195904,0.06696520496108035,0.19548872180451138,0.8045112781954886,192,192
45,nacc_to_adni,mixstyle,source_test,3T,complete,0.8628596338273757,0.9666957279860506,0.8591585760517799,0.7837837837837838,0.9419354838709677,0.9114583333333334,0.06999505795986675,0.06280820945135512,0.07777777777777772,0.9222222222222223,192,192
45,nacc_to_adni,metadata,target,1.5T,complete,0.5,0.5,0.30434782608695654,0.0,1.0,0.4375,0.5625,0.5625,0.0,0.5,224,224
45,nacc_to_adni,metadata,target,3T,complete,0.47619047619047616,0.48168498168498164,0.37037037037037035,0.0,0.9523809523809523,0.5882352941176471,0.3860130348613372,0.40419321770177163,0.2909090909090909,0.40909090909090906,34,34
45,nacc_to_adni,metadata,target,unknown,complete,1.0,,0.5,,1.0,1.0,2.0896337515201896e-08,0.00014460086822509766,,,1,1
45,nacc_to_adni,metadata,source_val,3T,complete,0.8795989537925022,0.9393199651264167,0.8757281553398059,0.8108108108108109,0.9483870967741935,0.921875,0.06278401716801295,0.04541608026354677,0.11428571428571432,0.8857142857142857,192,192
45,nacc_to_adni,metadata,source_test,3T,complete,0.8795989537925022,0.9426329555361813,0.8757281553398059,0.8108108108108109,0.9483870967741935,0.921875,0.07064875496392166,0.059102858332658305,0.08461538461538454,0.9000000000000001,192,192
45,nacc_to_adni,metadata_xda,target,1.5T,complete,0.5,0.5,0.36,1.0,0.0,0.5625,0.4375,0.4375,0.0,0.5,224,224
45,nacc_to_adni,metadata_xda,target,3T,complete,0.5476190476190477,0.5256410256410257,0.3758454106280193,1.0,0.09523809523809523,0.4411764705882353,0.5402232542923855,0.5463134642486092,0.29090909090909084,0.3,34,34
45,nacc_to_adni,metadata_xda,target,unknown,complete,1.0,,0.5,,1.0,1.0,2.3879122662884354e-07,0.00048866868019104,,,1,1
45,nacc_to_adni,metadata_xda,source_val,3T,complete,0.8255448997384481,0.9067131647776809,0.8358457453989111,0.7027027027027027,0.9483870967741935,0.9010416666666666,0.08846598113381421,0.07053549535986464,0.18045112781954886,0.8195488721804511,192,192
45,nacc_to_adni,metadata_xda,source_test,3T,complete,0.8757628596338274,0.9564080209241499,0.8876839310624127,0.7837837837837838,0.967741935483871,0.9322916666666666,0.05872134176649496,0.04647454627168674,0.12539682539682528,0.8666666666666667,192,192
