task,seed,direction,direction_slug,variant,present,claim_protocol,claim_protocol_revision,split_seed,training_seed,config_hash,variant_display_name,metrics_path,target__accuracy,target__accuracy_ci_high,target__accuracy_ci_low,target__accuracy_ci_mean,target__aggregation,target__auc,target__auc_ci_high,target__auc_ci_low,target__auc_ci_mean,target__balanced_accuracy,target__balanced_accuracy_ci_high,target__balanced_accuracy_ci_low,target__balanced_accuracy_ci_mean,target__brier,target__brier_ci_high,target__brier_ci_low,target__brier_ci_mean,target__ece,target__ece_ci_high,target__ece_ci_low,target__ece_ci_mean,target__fs_1.5T_accuracy,target__fs_1.5T_auc,target__fs_1.5T_balanced_accuracy,target__fs_1.5T_brier,target__fs_1.5T_ece,target__fs_1.5T_group_gap,target__fs_1.5T_macro_f1,target__fs_1.5T_n,target__fs_1.5T_n_subjects,target__fs_1.5T_sensitivity,target__fs_1.5T_specificity,target__fs_1.5T_worst_group_auc,target__fs_3T_accuracy,target__fs_3T_auc,target__fs_3T_balanced_accuracy,target__fs_3T_brier,target__fs_3T_ece,target__fs_3T_group_gap,target__fs_3T_macro_f1,target__fs_3T_n,target__fs_3T_n_subjects,target__fs_3T_sensitivity,target__fs_3T_specificity,target__fs_3T_worst_group_auc,target__group_gap,target__group_gap_ci_high,target__group_gap_ci_low,target__group_gap_ci_mean,target__label_conflict,target__loss,target__macro_f1,target__macro_f1_ci_high,target__macro_f1_ci_low,target__macro_f1_ci_mean,target__n,target__n_subjects,target__sensitivity,target__sensitivity_ci_high,target__sensitivity_ci_low,target__sensitivity_ci_mean,target__specificity,target__specificity_ci_high,target__specificity_ci_low,target__specificity_ci_mean,target__worst_group_auc,target__worst_group_auc_ci_high,target__worst_group_auc_ci_low,target__worst_group_auc_ci_mean,source_val__accuracy,source_val__accuracy_ci_high,source_val__accuracy_ci_low,source_val__accuracy_ci_mean,source_val__aggregation,source_val__auc,source_val__auc_ci_high,source_val__auc_ci_low,source_val__auc_ci_mean,source_val__balanced_accuracy,source_val__balanced_accuracy_ci_high,source_val__balanced_accuracy_ci_low,source_val__balanced_accuracy_ci_mean,source_val__brier,source_val__brier_ci_high,source_val__brier_ci_low,source_val__brier_ci_mean,source_val__ece,source_val__ece_ci_high,source_val__ece_ci_low,source_val__ece_ci_mean,source_val__fs_1.5T_accuracy,source_val__fs_1.5T_auc,source_val__fs_1.5T_balanced_accuracy,source_val__fs_1.5T_brier,source_val__fs_1.5T_ece,source_val__fs_1.5T_group_gap,source_val__fs_1.5T_macro_f1,source_val__fs_1.5T_n,source_val__fs_1.5T_n_subjects,source_val__fs_1.5T_sensitivity,source_val__fs_1.5T_specificity,source_val__fs_1.5T_worst_group_auc,source_val__fs_3T_accuracy,source_val__fs_3T_auc,source_val__fs_3T_balanced_accuracy,source_val__fs_3T_brier,source_val__fs_3T_ece,source_val__fs_3T_group_gap,source_val__fs_3T_macro_f1,source_val__fs_3T_n,source_val__fs_3T_n_subjects,source_val__fs_3T_sensitivity,source_val__fs_3T_specificity,source_val__fs_3T_worst_group_auc,source_val__group_gap,source_val__group_gap_ci_high,source_val__group_gap_ci_low,source_val__group_gap_ci_mean,source_val__label_conflict,source_val__loss,source_val__macro_f1,source_val__macro_f1_ci_high,source_val__macro_f1_ci_low,source_val__macro_f1_ci_mean,source_val__n,source_val__n_subjects,source_val__sensitivity,source_val__sensitivity_ci_high,source_val__sensitivity_ci_low,source_val__sensitivity_ci_mean,source_val__specificity,source_val__specificity_ci_high,source_val__specificity_ci_low,source_val__specificity_ci_mean,source_val__worst_group_auc,source_val__worst_group_auc_ci_high,source_val__worst_group_auc_ci_low,source_val__worst_group_auc_ci_mean,source_test__accuracy,source_test__accuracy_ci_high,source_test__accuracy_ci_low,source_test__accuracy_ci_mean,source_test__aggregation,source_test__auc,source_test__auc_ci_high,source_test__auc_ci_low,source_test__auc_ci_mean,source_test__balanced_accuracy,source_test__balanced_accuracy_ci_high,source_test__balanced_accuracy_ci_low,source_test__balanced_accuracy_ci_mean,source_test__brier,source_test__brier_ci_high,source_test__brier_ci_low,source_test__brier_ci_mean,source_test__ece,source_test__ece_ci_high,source_test__ece_ci_low,source_test__ece_ci_mean,source_test__fs_1.5T_accuracy,source_test__fs_1.5T_auc,source_test__fs_1.5T_balanced_accuracy,source_test__fs_1.5T_brier,source_test__fs_1.5T_ece,source_test__fs_1.5T_group_gap,source_test__fs_1.5T_macro_f1,source_test__fs_1.5T_n,source_test__fs_1.5T_n_subjects,source_test__fs_1.5T_sensitivity,source_test__fs_1.5T_specificity,source_test__fs_1.5T_worst_group_auc,source_test__fs_3T_accuracy,source_test__fs_3T_auc,source_test__fs_3T_balanced_accuracy,source_test__fs_3T_brier,source_test__fs_3T_ece,source_test__fs_3T_group_gap,source_test__fs_3T_macro_f1,source_test__fs_3T_n,source_test__fs_3T_n_subjects,source_test__fs_3T_sensitivity,source_test__fs_3T_specificity,source_test__fs_3T_worst_group_auc,source_test__group_gap,source_test__group_gap_ci_high,source_test__group_gap_ci_low,source_test__group_gap_ci_mean,source_test__label_conflict,source_test__loss,source_test__macro_f1,source_test__macro_f1_ci_high,source_test__macro_f1_ci_low,source_test__macro_f1_ci_mean,source_test__n,source_test__n_subjects,source_test__sensitivity,source_test__sensitivity_ci_high,source_test__sensitivity_ci_low,source_test__sensitivity_ci_mean,source_test__specificity,source_test__specificity_ci_high,source_test__specificity_ci_low,source_test__specificity_ci_mean,source_test__worst_group_auc,source_test__worst_group_auc_ci_high,source_test__worst_group_auc_ci_low,source_test__worst_group_auc_ci_mean
MCI_vs_AD,42,ADNI_to_NACC,adni_to_nacc,ce_only,True,apis_v2_claim_e1_mci_ad,2,42,42,b7cb08a58980018290238022e4ef8855044ced32699f6f5d7de07046c94b8441,weighted_ce,outputs/journal/dual_shift_apis_v2/claim_mci_ad/e1/seed42/adni_to_nacc/ce_only/journal_metrics.json,0.6375711574952562,0.681214421252372,0.599573055028463,,subject_mean,0.6911363636363637,0.7384699675324675,0.6456051136363636,,0.6353084415584416,0.6795732548701299,0.5925487012987013,,0.22825286098468026,0.24493567545345102,0.2091683148045741,,0.07312023215547227,0.11200771160862029,0.037967199567825544,,,,,,,,,,,,,,0.6434108527131783,0.6972769166317554,0.6397989107666526,0.2249018352342837,0.06779756165983139,0.24029727095516573,0.6257804124361481,516,516,0.6285714285714286,0.6510263929618768,0.5536842105263158,0.2630777857886726,0.4584144071165656,0.17019107771072126,,earliest_visit,0.6732326205762884,0.6191173521320755,0.6590846898123458,0.578487322090761,,527,527,0.6285714285714286,0.7030000000000001,0.56,,0.6420454545454546,0.6933238636363637,0.59375,,0.5311890838206628,0.6338164744738021,0.3646514508342802,,0.45454545454545453,0.5681818181818182,0.36363636363636365,,subject_mean,0.6692708333333333,0.8385416666666666,0.47395833333333337,,0.625,0.703125,0.5625,,0.37238844419317424,0.43996492049115193,0.2927825996147346,,0.38178063967462744,0.5001971275353748,0.2448493267166795,,0.5714285714285714,0.6770833333333333,0.625,0.3085727319053844,0.3194277471374898,0.5,0.5333333333333333,28,28,1.0,0.25,0.5,0.5,0.625,0.5,0.34613361513759267,0.3812621049582958,0.5,0.4666666666666667,8,8,0.75,0.25,0.5,0.5,1.0,0.19857142857142876,,earliest_visit,0.9393804782691101,0.45,0.5679586563307493,0.3418803418803419,,44,44,1.0,1.0,1.0,,0.25,0.40625,0.125,,0.5,0.8014285714285718,0.0,,0.5227272727272727,0.6590909090909091,0.4090909090909091,,subject_mean,0.794044665012407,0.9256203473945409,0.6377171215880894,,0.6389578163771712,0.7518610421836229,0.5358250620347395,,0.31690476130101586,0.3817692616334109,0.25777099062716313,,0.2789796807597597,0.4142537778381307,0.20242460854129785,,0.6470588235294118,0.8205128205128205,0.6996336996336996,0.25425850258631594,0.23780195209033356,0.33333333333333326,0.6458333333333333,34,34,0.9230769230769231,0.47619047619047616,0.6666666666666667,0.6,0.3333333333333333,0.5,0.3401067701690624,0.4065724541743596,,0.375,5,5,1.0,0.0,,0.5,1.0,0.13161706349206365,,earliest_visit,0.7825751118121609,0.5224806201550387,0.6574987026466009,0.39789473684210525,,44,44,0.9230769230769231,1.0,0.7692307692307693,,0.3548387096774194,0.5161290322580645,0.22500000000000012,,0.5,0.8398313492063494,0.0,
MCI_vs_AD,42,ADNI_to_NACC,adni_to_nacc,mixstyle,True,apis_v2_claim_e1_mci_ad,2,42,42,b7cb08a58980018290238022e4ef8855044ced32699f6f5d7de07046c94b8441,mixstyle,outputs/journal/dual_shift_apis_v2/claim_mci_ad/e1/seed42/adni_to_nacc/mixstyle/journal_metrics.json,0.6888045540796964,0.7268500948766604,0.6488140417457305,,subject_mean,0.7055357142857143,0.7599273538961039,0.6536639610389611,,0.6363068181818181,0.683583198051948,0.596208198051948,,0.21042913755171447,0.2341016373324282,0.18738193123374375,,0.10036344509536446,0.14137918141132702,0.07410425830922271,,,,,,,,,,,,,,0.689922480620155,0.7081860075408463,0.6388269794721407,0.2114203283877211,0.10155037238962891,0.22571723426212598,0.6424611973392461,516,516,0.48,0.7976539589442815,0.5490196078431372,0.23972602739726034,0.47595640324587696,0.1100715084450125,,earliest_visit,0.701492149360045,0.639438640990555,0.6844118583176703,0.5966702716658497,,527,527,0.48,0.5714285714285714,0.41700000000000004,,0.7926136363636364,0.8324573863636364,0.7471590909090909,,0.537037037037037,0.6724451070750881,0.3411258971291867,,0.7045454545454546,0.8187500000000002,0.5454545454545454,,subject_mean,0.7291666666666667,0.8881510416666667,0.5570312500000001,,0.6666666666666667,0.8233072916666668,0.4998697916666667,,0.2046617966959891,0.26881640516318894,0.14143871652616122,,0.13324724073437128,0.27473755628830104,0.0691452887736148,,0.6785714285714286,0.71875,0.6666666666666667,0.22687442943914563,0.17444927115880307,0.5,0.6679841897233202,28,28,0.5833333333333334,0.75,0.5,0.625,0.625,0.625,0.25905864960227964,0.28935764729976654,1.0,0.6190476190476191,8,8,0.75,0.5,0.0,0.41666666666666663,1.0,0.08557142857142873,,earliest_visit,0.7016824393649586,0.652701882210079,0.7942197204968944,0.49948417412423124,,44,44,0.5833333333333334,0.8333333333333334,0.3333333333333333,,0.75,0.875,0.5625,,0.5833333333333334,0.8668750000000001,0.0,,0.6590909090909091,0.8181818181818182,0.5227272727272727,,subject_mean,0.7419354838709677,0.8959677419354839,0.5656947890818859,,0.6687344913151365,0.8325992555831266,0.5147332506203475,,0.20687379448398022,0.2765769627000708,0.14480448234968832,,0.16623047754749076,0.30057173452594066,0.10077057868411596,,0.6470588235294118,0.717948717948718,0.6556776556776557,0.22243099697078675,0.2182945871762201,0.34285714285714297,0.6421052631578947,34,34,0.6923076923076923,0.6190476190476191,0.657142857142857,0.6,0.8333333333333333,0.5833333333333333,0.21202788069641004,0.32474690775076553,,0.5833333333333333,5,5,0.6666666666666666,0.5,,0.33333333333333326,1.0,0.142827380952381,,earliest_visit,0.6211540311454765,0.6363636363636364,0.7822152560083595,0.4941692789968652,,44,44,0.6923076923076923,0.9230769230769231,0.46153846153846156,,0.6451612903225806,0.8387096774193549,0.45161290322580644,,0.6666666666666667,0.8336111111111112,0.0,
MCI_vs_AD,42,ADNI_to_NACC,adni_to_nacc,metadata,True,apis_v2_claim_e1_mci_ad,2,42,42,b7cb08a58980018290238022e4ef8855044ced32699f6f5d7de07046c94b8441,metadata_acq_concat,outputs/journal/dual_shift_apis_v2/claim_mci_ad/e1/seed42/adni_to_nacc/metadata/journal_metrics.json,0.6679316888045541,0.6679316888045541,0.6679316888045541,,subject_mean,0.5,0.5,0.5,,0.5,0.5,0.5,,0.33206831119544594,0.33206831119544594,0.33206831119544594,,0.3320683111954459,0.3320683111954459,0.3320683111954459,,,,,,,,,,,,,,0.6608527131782945,0.5,0.5,0.3391472868217054,0.3391472868217055,0.0,0.39789964994165694,516,516,0.0,1.0,0.5,0.0,0.0,0.0,,earliest_visit,576.8505855641963,0.4004550625711035,0.4004550625711035,0.4004550625711035,,527,527,0.0,0.0,0.0,,1.0,1.0,1.0,,0.5,0.5,0.5,,0.7727272727272727,0.8409090909090909,0.7272727272727273,,subject_mean,0.6796875,0.8516276041666667,0.45833333333333337,,0.5833333333333334,0.7083333333333334,0.5,,0.19184955980533872,0.23868411296974257,0.14768370401896203,,0.14335384882535,0.26217351359992547,0.11805922123039078,,0.6428571428571429,0.6875,0.5833333333333334,0.2964889099069641,0.2665120066454013,0.33333333333333326,0.5238095238095237,28,28,0.16666666666666666,1.0,0.6666666666666667,0.5,0.5625,0.5,0.31583710140448723,0.4379700757563114,0.5,0.3333333333333333,8,8,0.0,1.0,0.5,0.6,1.0,0.1425264550264551,,earliest_visit,1.1189139858146921,0.5752895752895753,0.7448218724109362,0.42105263157894735,,44,44,0.16666666666666666,0.4166666666666667,0.0,,1.0,1.0,1.0,,0.4,0.85,0.0,,0.7045454545454546,0.7727272727272727,0.6585227272727273,,subject_mean,0.7270471464019852,0.8536600496277916,0.5680521091811415,,0.5223325062034739,0.6155397022332507,0.4674937965260546,,0.23633056628545612,0.27151408295293084,0.18925249234710642,,0.23826064575802197,0.29925753609813527,0.18025469316621165,,0.6176470588235294,0.7032967032967034,0.5146520146520146,0.30282927062968057,0.29927389747371863,0.5,0.4440251572327044,34,34,0.07692307692307693,0.9523809523809523,0.5,0.6,0.6666666666666666,0.6666666666666666,0.38828292744635756,0.4227304145693779,,0.5833333333333333,5,5,0.3333333333333333,1.0,,0.42500000000000004,1.0,0.24930555555555556,,earliest_visit,1.0406359664705251,0.47762557077625567,0.6183745709382152,0.3972602739726027,,44,44,0.07692307692307693,0.3076923076923077,0.0,,0.967741935483871,1.0,0.9032258064516129,,0.575,0.75,0.0,
MCI_vs_AD,42,ADNI_to_NACC,adni_to_nacc,metadata_xda,True,apis_v2_claim_e1_mci_ad,2,42,42,b7cb08a58980018290238022e4ef8855044ced32699f6f5d7de07046c94b8441,metadata_xda_concat,outputs/journal/dual_shift_apis_v2/claim_mci_ad/e1/seed42/adni_to_nacc/metadata_xda/journal_metrics.json,0.6679316888045541,0.6679316888045541,0.6679316888045541,,subject_mean,0.5,0.5,0.5,,0.5,0.5,0.5,,0.33206831119544594,0.33206831119544594,0.33206831119544594,,0.3320683111954459,0.3320683111954459,0.3320683111954459,,,,,,,,,,,,,,0.6608527131782945,0.5,0.5,0.3391472868217054,0.3391472868217055,0.0,0.39789964994165694,516,516,0.0,1.0,0.5,0.0,0.0,0.0,,earliest_visit,2343.3470037151187,0.4004550625711035,0.4004550625711035,0.4004550625711035,,527,527,0.0,0.0,0.0,,1.0,1.0,1.0,,0.5,0.5,0.5,,0.6363636363636364,0.7954545454545454,0.5,,subject_mean,0.6692708333333334,0.8519531250000001,0.48691406249999997,,0.59375,0.7604166666666667,0.4375,,0.27105685887156644,0.37150079771775346,0.16506368782972503,,0.2827444326471199,0.4029699164098411,0.1604985712220272,,0.6071428571428571,0.6822916666666666,0.59375,0.2990018738168128,0.2941997282916592,0.5,0.5942028985507246,28,28,0.5,0.6875,0.5,0.625,0.5,0.625,0.34650886702445727,0.34683844074606895,0.5,0.6190476190476191,8,8,0.5,0.75,0.5,0.35,1.0,0.1247321428571429,,earliest_visit,1.1100947385889919,0.5809523809523809,0.7354534161490685,0.4389799635701275,,44,44,0.5,0.8333333333333334,0.25,,0.6875,0.875,0.53125,,0.5833333333333334,0.8333333333333333,0.0,,0.6818181818181818,0.7954545454545454,0.5454545454545454,,subject_mean,0.7295285359801489,0.8589950372208439,0.5854218362282879,,0.6625310173697271,0.8101736972704714,0.5085918114143921,,0.23303184807603322,0.32582730163421114,0.15049319362038663,,0.17363485833912184,0.32594894225991367,0.11413358412132675,,0.6764705882352942,0.7252747252747254,0.6648351648351649,0.24677778870203487,0.248033301970538,0.5,0.6621499548328816,34,34,0.6153846153846154,0.7142857142857143,0.5,0.6,0.6666666666666666,0.5833333333333333,0.2868540950652038,0.3996271123488744,,0.5833333333333333,5,5,0.6666666666666666,0.5,,0.5,1.0,0.18697916666666675,,earliest_visit,0.8684188176066645,0.6459770114942529,0.7758913412563667,0.5083240637745644,,44,44,0.6153846153846154,0.8461538461538461,0.38461538461538464,,0.7096774193548387,0.8395161290322583,0.5475806451612905,,0.5,0.7229166666666668,0.0,
MCI_vs_AD,42,ADNI_to_NACC,adni_to_nacc,apis_v2,True,apis_v2_claim_e1_mci_ad,2,42,42,b7cb08a58980018290238022e4ef8855044ced32699f6f5d7de07046c94b8441,apis_v2,outputs/journal/dual_shift_apis_v2/claim_mci_ad/e1/seed42/adni_to_nacc/apis_v2/journal_metrics.json,0.715370018975332,0.7400853889943073,0.6849620493358635,,subject_mean,0.7621103896103897,0.8056181006493507,0.7254074675324675,,0.6044724025974026,0.6360095373376623,0.568731534090909,,0.19973134710753215,0.21564537545675888,0.18307410152200507,,0.13662585855981813,0.16726732486264,0.11380551434608005,,,,,,,,,,,,,,0.7131782945736435,0.7688814411395056,0.6063510682865522,0.2010613084779484,0.14002610601061233,0.17257093350660602,0.6028126820337855,516,516,0.2742857142857143,0.9384164222873901,0.6936842105263158,0.19184757937461616,0.3966581723332249,0.11980432658831079,,earliest_visit,0.7008393797083595,0.6023001690412944,0.642513459945276,0.5547798407507104,,527,527,0.2742857142857143,0.34285714285714286,0.21142857142857144,,0.9346590909090909,0.9574573863636364,0.9061789772727273,,0.6744639376218323,0.7453885626024047,0.47264870824362804,,0.6818181818181818,0.7954545454545454,0.5676136363636365,,subject_mean,0.6302083333333333,0.8412760416666667,0.4451171875,,0.546875,0.6875,0.41640625000000003,,0.22903998259035727,0.30694919987486896,0.15939970798772848,,0.210128587145697,0.31577031051062726,0.13814389909307165,,0.5357142857142857,0.6145833333333334,0.5,0.3244630146794873,0.3436101363173553,0.6666666666666666,0.4822190611664296,28,28,0.25,0.75,0.33333333333333337,0.375,0.5,0.375,0.42014101955313615,0.51322234980762,1.0,0.2727272727272727,8,8,0.0,0.75,0.0,0.41666666666666663,1.0,0.1240178571428572,,earliest_visit,0.9138660978706967,0.5470588235294117,0.6969939671312669,0.38028169014084506,,44,44,0.25,0.5,0.0,,0.84375,0.96875,0.71875,,0.5833333333333334,0.8,0.0,,0.7272727272727273,0.7954545454545454,0.6590909090909091,,subject_mean,0.6997518610421836,0.8562655086848635,0.5252481389578166,,0.5607940446650124,0.6540012406947892,0.46774193548387094,,0.2098653980895141,0.25633425363375284,0.1611197618525159,,0.15680910788831254,0.2553302942859856,0.09886586606825075,,0.6176470588235294,0.684981684981685,0.5293040293040293,0.2722876030577478,0.21835031068208172,0.75,0.4901960784313726,34,34,0.15384615384615385,0.9047619047619048,0.25,0.4,0.6666666666666666,0.5,0.3805000409877181,0.532892801364263,,0.2857142857142857,5,5,0.0,1.0,,0.6666666666666666,1.0,0.24911458333333347,,earliest_visit,0.798777755073482,0.5416666666666667,0.6720277547638773,0.3972602739726027,,44,44,0.15384615384615385,0.30961538461538507,0.0,,0.967741935483871,1.0,0.9032258064516129,,0.33333333333333337,0.6882812500000002,0.0,
MCI_vs_AD,42,NACC_to_ADNI,nacc_to_adni,ce_only,True,apis_v2_claim_e1_mci_ad,2,42,42,b7cb08a58980018290238022e4ef8855044ced32699f6f5d7de07046c94b8441,weighted_ce,outputs/journal/dual_shift_apis_v2/claim_mci_ad/e1/seed42/nacc_to_adni/ce_only/journal_metrics.json,0.6743119266055045,0.7248853211009174,0.6099770642201835,,subject_mean,0.6965250965250965,0.7625603281853283,0.6219715250965252,,0.6434362934362934,0.6998817567567569,0.5692881274131274,,0.22863535841541516,0.2699199063056765,0.19392627437189905,,0.1551320493660701,0.21961197566498178,0.10006490779973083,,0.6666666666666666,0.7234291443850267,0.6544117647058824,0.2329233292732762,0.158682010965979,0.3296296296296296,0.6555706521739131,156,156,0.5588235294117647,0.75,0.6703703703703704,0.5714285714285714,0.5818181818181818,0.5727272727272728,0.32232775622472276,0.29226306672134095,0.15000000000000002,0.5714285714285714,21,21,0.5454545454545454,0.6,0.6,0.3571428571428572,0.6001136363636363,0.297864819004525,,earliest_visit,0.7732333607480618,0.6380515866520122,0.6910879306737447,0.5652629318056784,,218,218,0.5571428571428572,0.6575000000000001,0.42857142857142855,,0.7297297297297297,0.8040540540540541,0.6486486486486487,,0.6428571428571428,0.7021351809954751,0.39988636363636365,,0.7238095238095238,0.8097619047619048,0.638095238095238,,subject_mean,0.8391836734693877,0.9159693877551021,0.7558979591836735,,0.7428571428571429,0.8214285714285714,0.6571428571428571,,0.17927973511452958,0.22514626196958784,0.127939394768642,,0.10230206572820272,0.17861313765957246,0.042826698533599314,,,,,,,,,,,,,,0.7450980392156863,0.8541577825159914,0.7582089552238807,0.16682246154264832,0.08290059114593305,0.38095238095238093,0.7349060375849661,102,102,0.8,0.7164179104477612,0.6190476190476191,0.41666666666666674,0.8038525132275133,0.19047619047619047,,earliest_visit,0.5929364375489995,0.7134117647058824,0.7981990740740742,0.6322958779488534,,105,105,0.8,0.9142857142857143,0.6571428571428571,,0.6857142857142857,0.7860714285714286,0.5714285714285714,,0.5833333333333333,0.8095238095238095,0.19614748677248683,,0.6792452830188679,0.7549528301886793,0.5849056603773585,,subject_mean,0.8415032679738562,0.9072712418300654,0.7650224673202615,,0.7173202614379085,0.7971303104575165,0.6367136437908496,,0.18778195260023187,0.23168487129874152,0.14390624038541183,,0.1226236173566782,0.2045470435242608,0.07791853935791639,,,,,,,,,,,,,,0.7128712871287128,0.8542581211589113,0.7401229148375768,0.17407716298765352,0.0955426327072748,0.3055555555555556,0.7054801407742584,101,101,0.8235294117647058,0.6567164179104478,0.6944444444444444,0.32894736842105265,0.6669117647058824,0.1874375,,earliest_visit,0.5736720705912872,0.6717668488160291,0.7504157200084464,0.5752101200372585,,106,106,0.8235294117647058,0.9411764705882353,0.6764705882352942,,0.6111111111111112,0.7083333333333334,0.48576388888888894,,0.6710526315789473,0.8125625,0.33308823529411774,
MCI_vs_AD,42,NACC_to_ADNI,nacc_to_adni,mixstyle,True,apis_v2_claim_e1_mci_ad,2,42,42,b7cb08a58980018290238022e4ef8855044ced32699f6f5d7de07046c94b8441,mixstyle,outputs/journal/dual_shift_apis_v2/claim_mci_ad/e1/seed42/nacc_to_adni/mixstyle/journal_metrics.json,0.6972477064220184,0.7478211009174311,0.6422018348623854,,subject_mean,0.732915057915058,0.8015082046332046,0.6669715250965251,,0.6415057915057915,0.7085111003861004,0.5737765444015445,,0.2372461020485675,0.2821480921898436,0.19239571498520625,,0.21240079060006467,0.2670210378153137,0.157080974007398,,0.6602564102564102,0.750668449197861,0.6420454545454546,0.2582052314042657,0.2445186488529365,0.31481481481481477,0.6422482800398079,156,156,0.5,0.7840909090909091,0.6851851851851852,0.42857142857142855,0.5636363636363636,0.4318181818181818,0.47156578632682383,0.5077017332235025,0.6666666666666667,0.42727272727272725,21,21,0.36363636363636365,0.5,0.3333333333333333,0.2946712018140589,0.5297754329004328,0.20873815496098105,,earliest_visit,1.2629156761078904,0.6444598201047742,0.7115161518750283,0.5757523639824569,,218,218,0.4857142857142857,0.6003571428571429,0.37142857142857144,,0.7972972972972973,0.858277027027027,0.7297297297297297,,0.655328798185941,0.7223689535102579,0.4285714285714286,,0.8095238095238095,0.8764285714285714,0.7333333333333333,,subject_mean,0.8465306122448979,0.9236836734693877,0.7671020408163267,,0.8142857142857143,0.8857142857142857,0.7357142857142858,,0.16184086703610864,0.2226801894830681,0.11147980861881995,,0.14180401102417992,0.22414140617977527,0.08879301127460268,,,,,,,,,,,,,,0.8137254901960784,0.8528784648187633,0.81727078891258,0.15547771562522497,0.14051494813140708,0.3214285714285715,0.8018202270170774,102,102,0.8285714285714286,0.8059701492537313,0.6785714285714285,0.3359375,0.6825757575757577,0.18036858974358969,,earliest_visit,0.8623027882507662,0.7960372960372961,0.865425587352058,0.719828652673546,,105,105,0.8285714285714286,0.9428571428571428,0.7142857142857143,,0.8,0.8857142857142857,0.7,,0.6640625,0.8196314102564104,0.3174242424242426,,0.7452830188679245,0.8301886792452831,0.6601415094339622,,subject_mean,0.8075980392156863,0.8934640522875817,0.7123366013071896,,0.7116013071895425,0.8007455065359478,0.6188521241830066,,0.19916417357007207,0.2574830318280236,0.1409621596885132,,0.17740313741583502,0.2506872821552386,0.10283129288340513,,,,,,,,,,,,,,0.7623762376237624,0.8230904302019314,0.7267339771729587,0.18752048799984225,0.16278356731724825,0.4163752913752914,0.7299465240641712,101,101,0.6176470588235294,0.835820895522388,0.5416666666666666,0.4448840633051159,0.7592690058479532,0.22259115927072576,,earliest_visit,0.8440011909891231,0.7099422316813622,0.8015295609091804,0.6160312104220871,,106,106,0.6176470588235294,0.7654411764705884,0.47058823529411764,,0.8055555555555556,0.8888888888888888,0.7222222222222222,,0.5131578947368421,0.7506944444444446,0.19999999999999996,
MCI_vs_AD,42,NACC_to_ADNI,nacc_to_adni,metadata,True,apis_v2_claim_e1_mci_ad,2,42,42,b7cb08a58980018290238022e4ef8855044ced32699f6f5d7de07046c94b8441,metadata_acq_concat,outputs/journal/dual_shift_apis_v2/claim_mci_ad/e1/seed42/nacc_to_adni/metadata/journal_metrics.json,0.4036697247706422,0.44954128440366975,0.3577981651376147,,subject_mean,0.4931467181467182,0.560226833976834,0.4179971042471042,,0.5231660231660231,0.5720366795366795,0.4780405405405405,,0.530846801583345,0.5727006576772655,0.4903069041857434,,0.5180105115612933,0.57477332300222,0.4773876257481804,,0.48717948717948717,0.5406918449197861,0.5287433155080213,0.43640847578347586,0.41933760683760685,0.2858851674641148,0.4510907811400422,156,156,0.8529411764705882,0.20454545454545456,0.4641148325358852,0.5238095238095238,0.6227272727272728,0.5090909090909091,0.35881096511455335,0.352331839995237,0.15000000000000002,0.4642857142857143,21,21,0.8181818181818182,0.2,0.6,0.24915824915824908,0.590801455749764,0.12970490952405841,,earliest_visit,2583.714968619432,0.3905376344086021,0.4403403441255077,0.33648532645515405,,218,218,0.8571428571428571,0.9428571428571428,0.7571428571428571,,0.1891891891891892,0.24324324324324326,0.12162162162162163,,0.4326599326599327,0.4904974489795919,0.09958333333333338,,0.8,0.8476190476190476,0.751904761904762,,subject_mean,0.8514285714285713,0.9225000000000001,0.7660408163265306,,0.7,0.7714285714285714,0.627857142857143,,0.1747258874511813,0.21969550054290518,0.13020398084829737,,0.16335334725796224,0.21926196881229912,0.10819223772320495,,,,,,,,,,,,,,0.7941176470588235,0.857995735607676,0.7,0.17934237640253206,0.17122090335180573,0.3125,0.7179723502304147,102,102,0.4,1.0,0.6875,0.3125,0.6666666666666666,0.20735930735930738,,earliest_visit,0.8012406264076839,0.7204968944099379,0.8005698005698005,0.6251597298284047,,105,105,0.4,0.5428571428571428,0.25571428571428595,,1.0,1.0,1.0,,0.6875,0.7926406926406928,0.33333333333333337,,0.7264150943396226,0.7830188679245284,0.6792452830188679,,subject_mean,0.7863562091503268,0.8648182189542484,0.6947508169934641,,0.5968137254901961,0.6705167483660132,0.5387867647058824,,0.22752990524382652,0.27035165439078723,0.18802488559419786,,0.21786176721395561,0.2669926951079975,0.17243292815895434,,,,,,,,,,,,,,0.7227722772277227,0.8112379280070237,0.602721685689201,0.23142375043432378,0.2233129959467417,0.2565073815073814,0.593210586881473,101,101,0.23529411764705882,0.9701492537313433,0.6805555555555556,0.2923260949576738,0.6759627525252525,0.23447210197210203,,earliest_visit,0.8884302011433509,0.5909514304723885,0.6861466271580208,0.5010697475395807,,106,106,0.23529411764705882,0.38235294117647056,0.11764705882352941,,0.9583333333333334,1.0,0.9027777777777778,,0.6447368421052632,0.7336507936507938,0.2857142857142857,
MCI_vs_AD,42,NACC_to_ADNI,nacc_to_adni,metadata_xda,True,apis_v2_claim_e1_mci_ad,2,42,42,b7cb08a58980018290238022e4ef8855044ced32699f6f5d7de07046c94b8441,metadata_xda_concat,outputs/journal/dual_shift_apis_v2/claim_mci_ad/e1/seed42/nacc_to_adni/metadata_xda/journal_metrics.json,0.6788990825688074,0.7065366972477064,0.655848623853211,,subject_mean,0.5208976833976834,0.5653873069498069,0.4846573359073358,,0.5188223938223938,0.5579898648648649,0.48724903474903475,,0.3072070283127398,0.32966016218294025,0.2827052151497838,,0.3149675637107751,0.33674616223503884,0.289572123193026,,0.5769230769230769,0.5127005347593583,0.5163770053475936,0.4220868945868945,0.4232905982905983,0.537037037037037,0.4041666666666667,156,156,0.04411764705882353,0.9886363636363636,0.46296296296296297,0.5238095238095238,0.459090909090909,0.5272727272727272,0.4195316779857204,0.3524859696478834,0.41666666666666663,0.5227272727272727,21,21,0.45454545454545453,0.6,0.25,0.5340136054421769,0.606534090909091,0.10372428191178197,,earliest_visit,7706.060285261589,0.46418539325842695,0.5254892778102048,0.4121791705140043,,218,218,0.07142857142857142,0.14285714285714285,0.014285714285714285,,0.9662162162162162,0.9932432432432432,0.9390202702702702,,0.46598639455782315,0.5,0.3746366279069768,,0.7523809523809524,0.8380952380952381,0.6761904761904762,,subject_mean,0.843673469387755,0.920826530612245,0.7593775510204083,,0.7,0.8,0.614107142857143,,0.1605102008157703,0.21244582883623414,0.10675911525881127,,0.14066123217344267,0.21207825731722602,0.08202680466194001,,,,,,,,,,,,,,0.7647058823529411,0.8567164179104477,0.711727078891258,0.15134127383791202,0.14247864068431,0.38095238095238093,0.7219445706497047,102,102,0.5428571428571428,0.8805970149253731,0.6190476190476191,0.33333333333333337,0.6669753086419754,0.18561688311688315,,earliest_visit,0.7286753706035337,0.707833904109589,0.8036252083215023,0.617761767408427,,105,105,0.5428571428571428,0.7142857142857143,0.4,,0.8571428571428571,0.9285714285714286,0.7857142857142857,,0.6666666666666666,0.8143831168831169,0.3330246913580247,,0.7452830188679245,0.8304245283018868,0.6698113207547169,,subject_mean,0.8059640522875817,0.8881433823529411,0.7266135620915033,,0.696078431372549,0.7974264705882353,0.6128676470588236,,0.18718124791433366,0.2392721103872321,0.1293216807632739,,0.14237739061409568,0.21209725504565358,0.08616988232605303,,,,,,,,,,,,,,0.7425742574257426,0.8230904302019315,0.6973222124670764,0.18469834310912506,0.14994727030839075,0.3259518259518259,0.7026721014492754,101,101,0.5588235294117647,0.835820895522388,0.6111111111111112,0.3259518259518259,0.8753472222222223,0.16654761904761903,,earliest_visit,0.6842971062887404,0.7004709576138148,0.802143524449767,0.6174630639448174,,106,106,0.5588235294117647,0.7066176470588238,0.4117647058823529,,0.8333333333333334,0.9027777777777778,0.7635416666666667,,0.6111111111111112,0.7861331569664903,0.11083333333333342,
MCI_vs_AD,42,NACC_to_ADNI,nacc_to_adni,apis_v2,True,apis_v2_claim_e1_mci_ad,2,42,42,b7cb08a58980018290238022e4ef8855044ced32699f6f5d7de07046c94b8441,apis_v2,outputs/journal/dual_shift_apis_v2/claim_mci_ad/e1/seed42/nacc_to_adni/apis_v2/journal_metrics.json,0.6834862385321101,0.7293577981651376,0.6376146788990825,,subject_mean,0.7017374517374517,0.7681708494208495,0.6349927606177606,,0.5560810810810811,0.6066167953667955,0.5076158301158302,,0.2265337928787607,0.2545527602331504,0.20235551709066113,,0.17373161937385578,0.21835242430422766,0.13625101503977513,,0.6217948717948718,0.740307486631016,0.5745320855614974,0.27153144214801245,0.22906700471718594,0.34259259259259256,0.5298084291187739,156,156,0.20588235294117646,0.9431818181818182,0.6574074074074074,0.47619047619047616,0.5363636363636364,0.49090909090909096,0.40554471640913237,0.39935708270659526,0.6666666666666667,0.4296296296296296,21,21,0.18181818181818182,0.8,0.3333333333333333,0.2639455782312925,0.49797011784511785,0.16395262901984883,,earliest_visit,1.0168513979450293,0.5425599854027917,0.6099783036406407,0.4785276102956158,,218,218,0.2,0.3,0.11392857142857149,,0.9121621621621622,0.9528716216216216,0.864695945945946,,0.6360544217687075,0.7056576655052266,0.4305059523809524,,0.8095238095238095,0.8666666666666667,0.7523809523809524,,subject_mean,0.8322448979591837,0.9044795918367348,0.7566326530612245,,0.7214285714285714,0.8,0.6355357142857143,,0.16549111091097318,0.20541442868853557,0.12486617261171944,,0.12592602802647487,0.19865370400013435,0.0760370755136486,,,,,,,,,,,,,,0.803921568627451,0.8353944562899787,0.7211087420042643,0.16939409002263126,0.12881244577808318,0.39583333333333337,0.7419028340080972,102,102,0.45714285714285713,0.9850746268656716,0.6041666666666666,0.39583333333333337,0.7694444444444445,0.1958639705882353,,earliest_visit,0.6323184457509533,0.7444011684518014,0.8295454545454546,0.637825741411612,,105,105,0.45714285714285713,0.6007142857142859,0.2850000000000001,,0.9857142857142858,1.0,0.9571428571428572,,0.6041666666666666,0.8041360294117648,0.23055555555555554,,0.7358490566037735,0.802122641509434,0.6698113207547169,,subject_mean,0.767156862745098,0.8587214052287583,0.6806576797385621,,0.6270424836601307,0.7094566993464052,0.5473856209150326,,0.18342097872162424,0.22085203866730335,0.1391315995105842,,0.12400270077698636,0.19128317223838387,0.0809536067845077,,,,,,,,,,,,,,0.7227722772277227,0.781387181738367,0.624451273046532,0.18837800277909073,0.14251574084605328,0.35729895104895104,0.6278947368421053,101,101,0.3235294117647059,0.9253731343283582,0.59375,0.4010489510489511,0.8077142857142857,0.2775974025974026,,earliest_visit,0.6366033405771084,0.6335802469135803,0.7293075570529216,0.5354710736283786,,106,106,0.3235294117647059,0.47132352941176486,0.20588235294117646,,0.9305555555555556,0.9861111111111112,0.8746527777777778,,0.5499999999999999,0.7142857142857143,0.18535714285714291,
MCI_vs_AD,43,ADNI_to_NACC,adni_to_nacc,ce_only,True,apis_v2_claim_e1_mci_ad,2,42,43,1bb2d2745d760baa0c2991927be4805c5fb907c73655694d35e6af4d7ba522f3,weighted_ce,outputs/journal/dual_shift_apis_v2/claim_mci_ad/e1/seed43/adni_to_nacc/ce_only/journal_metrics.json,0.6318785578747628,0.6717741935483871,0.5920303605313093,,subject_mean,0.739788961038961,0.7819395292207793,0.6952305194805196,,0.6770211038961038,0.7155379464285714,0.6399405438311689,,0.2926401764924883,0.3253355837854166,0.2608504772992863,,0.2350488401982393,0.27555037719703585,0.1971268016453845,,,,,,,,,,,,,,0.6395348837209303,0.7452534562211981,0.6813741097612065,0.28564481427681443,0.22434734086234137,0.22537416071041805,0.6366472325282047,516,516,0.8114285714285714,0.5513196480938416,0.6221052631578947,0.24024673556036202,0.4391970928687681,0.15507005301214596,,earliest_visit,1.130431091838334,0.6286683519293352,0.6682744500009951,0.5901063963594166,,527,527,0.8114285714285714,0.8630000000000001,0.7542857142857143,,0.5426136363636364,0.5881392045454545,0.4942471590909091,,0.6052631578947368,0.7019249231950846,0.4419218490687812,,0.45454545454545453,0.5909090909090909,0.3409090909090909,,subject_mean,0.6302083333333334,0.7890625,0.4453125,,0.5989583333333333,0.71875,0.4947916666666667,,0.4436089216400765,0.5477985872338734,0.3384134695527097,,0.42795005780503603,0.5493484142267456,0.314664959414213,,0.5714285714285714,0.6510416666666666,0.6145833333333333,0.35292250625508664,0.3431836620150578,0.5,0.5508021390374331,28,28,0.9166666666666666,0.3125,0.5,0.5,0.4375,0.5,0.42588601501762824,0.5004598069936037,1.0,0.3333333333333333,8,8,1.0,0.0,0.0,0.4,1.0,0.16583333333333355,,earliest_visit,1.6440337953616917,0.45341614906832295,0.5900621118012422,0.3322867608581894,,44,44,0.9166666666666666,1.0,0.75,,0.28125,0.4375,0.15625,,0.6,0.8016666666666671,0.0,,0.5,0.6363636363636364,0.3857954545454546,,subject_mean,0.7245657568238213,0.8759925558312656,0.5607320099255583,,0.6004962779156328,0.7258995037220844,0.4688895781637717,,0.41677181537605484,0.5215629195616756,0.2993226107638161,,0.4195579982370752,0.5599711617061898,0.30130629846277895,,0.5588235294117647,0.7142857142857143,0.6135531135531136,0.374487666645838,0.38608532064758677,0.5,0.5553618134263296,34,34,0.8461538461538461,0.38095238095238093,0.5,0.6,0.3333333333333333,0.5,0.3755049464394,0.4010459264119466,,0.375,5,5,1.0,0.0,,0.5714285714285714,1.0,0.1549837662337663,,earliest_visit,1.367618075703391,0.5,0.629627111256402,0.377935522034901,,44,44,0.8461538461538461,1.0,0.6153846153846154,,0.3548387096774194,0.5483870967741935,0.22500000000000012,,0.4285714285714286,0.8,0.0,
MCI_vs_AD,43,ADNI_to_NACC,adni_to_nacc,mixstyle,True,apis_v2_claim_e1_mci_ad,2,42,43,1bb2d2745d760baa0c2991927be4805c5fb907c73655694d35e6af4d7ba522f3,mixstyle,outputs/journal/dual_shift_apis_v2/claim_mci_ad/e1/seed43/adni_to_nacc/mixstyle/journal_metrics.json,0.7096774193548387,0.7458728652751423,0.6679316888045541,,subject_mean,0.7396590909090908,0.7881684253246755,0.6951331168831169,,0.660551948051948,0.7048295454545455,0.6162262581168831,,0.21177042741806804,0.23954618728251545,0.18449839528735185,,0.13666128806397557,0.17638881102729767,0.10758417094589351,,,,,,,,,,,,,,0.7151162790697675,0.748588186007541,0.6662337662337663,0.20757790839102336,0.13230083489583605,0.15348115659519168,0.670974038649229,516,516,0.5142857142857142,0.8181818181818182,0.6621052631578948,0.17475767043178725,0.4088978504081057,0.13261496521957325,,earliest_visit,0.7658030399846181,0.6641676350414214,0.7057348941467498,0.6202749042799439,,527,527,0.5142857142857142,0.5887142857142857,0.4455714285714286,,0.8068181818181818,0.8494318181818182,0.7584517045454546,,0.6413255360623781,0.7153601377657982,0.4659791666666667,,0.6363636363636364,0.7727272727272727,0.49943181818181825,,subject_mean,0.640625,0.7970052083333333,0.46868489583333334,,0.6458333333333333,0.7604166666666667,0.4842447916666667,,0.30684233440253145,0.4288059912876869,0.21390090552730207,,0.2702838373229359,0.4240142694691366,0.17503251940576423,,0.6428571428571429,0.6354166666666666,0.6458333333333333,0.3070992289795647,0.28970807382748237,0.5,0.641025641025641,28,28,0.6666666666666666,0.625,0.5,0.625,0.5625,0.625,0.34157400523556614,0.3645120207220316,0.5,0.6190476190476191,8,8,0.75,0.5,0.5,0.6,1.0,0.0,,earliest_visit,1.1525653303639654,0.6071428571428572,0.7270471464019852,0.4755357142857144,,44,44,0.6666666666666666,0.8333333333333334,0.4166666666666667,,0.625,0.7507812500000002,0.46875,,0.4,1.0,0.0,,0.75,0.8636363636363636,0.6136363636363636,,subject_mean,0.8014888337468983,0.9009925558312656,0.6647022332506204,,0.7555831265508686,0.8647642679900744,0.6139888337468983,,0.19882340403889384,0.2858270467427582,0.1278201322697346,,0.1492329832819569,0.2766859238846751,0.07475017128520325,,0.7352941176470589,0.7728937728937729,0.7417582417582418,0.22109019019561554,0.15928070055795646,0.2571428571428571,0.7294429708222812,34,34,0.7692307692307693,0.7142857142857143,0.7428571428571429,0.4,0.3333333333333333,0.41666666666666663,0.412634272452158,0.4239027972022693,,0.4,5,5,0.3333333333333333,0.5,,0.2749999999999999,0.7512500000000003,0.09880952380952392,,earliest_visit,0.7688946864297314,0.7260894170911149,0.8428571428571429,0.59521421107628,,44,44,0.7692307692307693,0.9230769230769231,0.5384615384615384,,0.7419354838709677,0.8709677419354839,0.5806451612903226,,0.7250000000000001,0.9011904761904761,0.2487500000000002,
MCI_vs_AD,43,ADNI_to_NACC,adni_to_nacc,metadata,True,apis_v2_claim_e1_mci_ad,2,42,43,1bb2d2745d760baa0c2991927be4805c5fb907c73655694d35e6af4d7ba522f3,metadata_acq_concat,outputs/journal/dual_shift_apis_v2/claim_mci_ad/e1/seed43/adni_to_nacc/metadata/journal_metrics.json,0.6679316888045541,0.6679316888045541,0.6679316888045541,,subject_mean,0.5,0.5,0.5,,0.5,0.5,0.5,,0.33206831119544594,0.33206831119544594,0.33206831119544594,,0.3320683111954459,0.3320683111954459,0.3320683111954459,,,,,,,,,,,,,,0.6608527131782945,0.5,0.5,0.3391472868217054,0.3391472868217055,0.0,0.39789964994165694,516,516,0.0,1.0,0.5,0.0,0.0,0.0,,earliest_visit,3996.937683665424,0.4004550625711035,0.4004550625711035,0.4004550625711035,,527,527,0.0,0.0,0.0,,1.0,1.0,1.0,,0.5,0.5,0.5,,0.5681818181818182,0.7045454545454546,0.4312500000000001,,subject_mean,0.6640625,0.8,0.4993489583333334,,0.5989583333333333,0.734375,0.44270833333333337,,0.3518271480308808,0.4622841953950439,0.25171085104304236,,0.3376764635696555,0.4746549233320085,0.23510000372249082,,0.5714285714285714,0.6979166666666666,0.5833333333333333,0.31811591956926755,0.33000865954728353,0.5,0.5714285714285714,28,28,0.6666666666666666,0.5,0.5,0.625,0.75,0.625,0.2615313273333187,0.25624081306159496,0.5,0.6190476190476191,8,8,0.75,0.5,0.5,0.3166666666666669,1.0,0.16647727272727272,,earliest_visit,1.2052087782584648,0.5493261455525607,0.6765015177239286,0.40693705076370174,,44,44,0.6666666666666666,0.8333333333333334,0.4166666666666667,,0.53125,0.6875,0.375,,0.5833333333333333,0.7786458333333336,0.0,,0.7045454545454546,0.8181818181818182,0.5681818181818182,,subject_mean,0.8535980148883375,0.9456575682382135,0.716377171215881,,0.7456575682382134,0.8548387096774194,0.5978598014888338,,0.21617253189855318,0.31879548612677483,0.14458431421721865,,0.16289236739245588,0.32208471092101176,0.10062095521683143,,0.7058823529411765,0.8388278388278388,0.7326007326007327,0.19555554172263914,0.12874826577072052,0.25,0.7048611111111112,34,34,0.8461538461538461,0.6190476190476191,0.75,0.4,0.5,0.3333333333333333,0.4235226415194481,0.492312490940094,,0.2857142857142857,5,5,0.6666666666666666,0.0,,0.33333333333333326,1.0,0.023214285714285837,,earliest_visit,0.7976202178085523,0.691644204851752,0.8082788671023965,0.5569687334393216,,44,44,0.8461538461538461,1.0,0.6153846153846154,,0.6451612903225806,0.8072580645161291,0.4838709677419355,,0.6666666666666667,0.9767857142857144,0.0,
MCI_vs_AD,43,ADNI_to_NACC,adni_to_nacc,metadata_xda,True,apis_v2_claim_e1_mci_ad,2,42,43,1bb2d2745d760baa0c2991927be4805c5fb907c73655694d35e6af4d7ba522f3,metadata_xda_concat,outputs/journal/dual_shift_apis_v2/claim_mci_ad/e1/seed43/adni_to_nacc/metadata_xda/journal_metrics.json,0.33206831119544594,0.33206831119544594,0.33206831119544594,,subject_mean,0.5,0.5,0.5,,0.5,0.5,0.5,,0.6679316888045541,0.6679316888045541,0.6679316888045541,,0.6679316888045541,0.6679316888045541,0.6679316888045541,,,,,,,,,,,,,,0.3391472868217054,0.5,0.5,0.6608527131782945,0.6608527131782946,0.0,0.2532561505065123,516,516,1.0,0.0,0.5,0.0,0.0,0.0,,earliest_visit,7081.938796110474,0.2492877492877493,0.2492877492877493,0.2492877492877493,,527,527,1.0,1.0,1.0,,0.0,0.0,0.0,,0.5,0.5,0.5,,0.5909090909090909,0.7272727272727273,0.45454545454545453,,subject_mean,0.6953125,0.8516927083333333,0.5259765625,,0.6145833333333333,0.7553385416666666,0.4686197916666667,,0.29691813240602727,0.40433128725327416,0.19370845018956265,,0.24733241129327901,0.4009757874553289,0.16650752336605254,,0.6428571428571429,0.7291666666666667,0.6458333333333333,0.2542110289297739,0.20284201646489752,0.5,0.641025641025641,28,28,0.6666666666666666,0.625,0.5,0.625,0.875,0.625,0.23906662734038533,0.2517193425446749,0.0,0.5636363636363637,8,8,1.0,0.25,1.0,0.45833333333333337,1.0,0.09948863636363653,,earliest_visit,1.013492651257871,0.5686274509803921,0.6965517241379311,0.4357291126102751,,44,44,0.6666666666666666,0.9166666666666666,0.4166666666666667,,0.5625,0.71875,0.40546875000000016,,0.5416666666666666,0.8761363636363639,0.0,,0.6590909090909091,0.7954545454545454,0.5227272727272727,,subject_mean,0.8039702233250621,0.9083126550868487,0.6648263027295285,,0.7133995037220844,0.8387096774193548,0.5680831265508686,,0.22293290484268535,0.32087668770145,0.14236909111430573,,0.16103126859671374,0.29954376336816074,0.09689860473592554,,0.6764705882352942,0.7655677655677656,0.7087912087912087,0.23071466499979384,0.1775697018439864,0.5,0.6761904761904762,34,34,0.8461538461538461,0.5714285714285714,0.5,0.6,0.8333333333333333,0.5,0.23602108505261113,0.3665452261765798,,0.375,5,5,1.0,0.0,,0.33333333333333326,1.0,0.08267857142857146,,earliest_visit,0.7030254711667376,0.6502384737678856,0.7818181818181817,0.5163297751533046,,44,44,0.8461538461538461,1.0,0.6153846153846154,,0.5806451612903226,0.7741935483870968,0.41935483870967744,,0.6666666666666667,0.9004166666666668,0.0,
MCI_vs_AD,43,ADNI_to_NACC,adni_to_nacc,apis_v2,True,apis_v2_claim_e1_mci_ad,2,42,43,1bb2d2745d760baa0c2991927be4805c5fb907c73655694d35e6af4d7ba522f3,apis_v2,outputs/journal/dual_shift_apis_v2/claim_mci_ad/e1/seed43/adni_to_nacc/apis_v2/journal_metrics.json,0.715370018975332,0.7400379506641366,0.6868595825426945,,subject_mean,0.7523863636363637,0.8029987824675324,0.706814529220779,,0.6015990259740259,0.6386627435064934,0.5672264610389611,,0.1997547013745224,0.21606475224745764,0.18184339070139632,,0.12341775137702546,0.15131645539444438,0.10021897599614743,,,,,,,,,,,,,,0.7112403100775194,0.7570674486803519,0.6021030582320905,0.20218449134200636,0.1285054164936222,0.2767943597191962,0.5966867928091444,516,516,0.26285714285714284,0.9413489736070382,0.5686274509803921,0.2837138508371385,0.5076357018086343,0.15778740536056676,,earliest_visit,0.7111421279119333,0.5977181126083947,0.6439619555412734,0.5480036761470534,,527,527,0.26285714285714284,0.33714285714285713,0.19428571428571428,,0.9403409090909091,0.9602982954545455,0.9147727272727273,,0.5592592592592592,0.686441219126783,0.3645699976292082,,0.7045454545454546,0.8181818181818182,0.5909090909090909,,subject_mean,0.6171875,0.7865234375000001,0.38274739583333334,,0.5625,0.7032552083333333,0.44765625000000003,,0.2166416388086078,0.28697076507898495,0.15062098843313262,,0.18109215078028762,0.31225816551595925,0.11115696763450444,,0.6071428571428571,0.671875,0.5625,0.25615553129846186,0.21132608329256375,0.5,0.5354449472096531,28,28,0.25,0.875,0.5,0.625,0.6875,0.625,0.27300053364891674,0.3728112615644932,0.0,0.5636363636363637,8,8,0.25,1.0,1.0,0.2333333333333334,1.0,0.10835714285714286,,earliest_visit,0.7699414262315258,0.5636918382913807,0.7211484593837536,0.4058280028429282,,44,44,0.25,0.5,0.08333333333333333,,0.875,0.96875,0.75,,0.6,0.8,0.0,,0.6818181818181818,0.7954545454545454,0.5681818181818182,,subject_mean,0.7369727047146403,0.858560794044665,0.5727667493796527,,0.5955334987593052,0.7431761786600497,0.46392679900744416,,0.18176518392133564,0.23522101989680522,0.1365569132144302,,0.09548134719912627,0.2310296564416163,0.05711795003221922,,0.6470588235294118,0.7362637362637363,0.5970695970695971,0.20826670062060465,0.13026117308467045,0.5,0.5968379446640316,34,34,0.38461538461538464,0.8095238095238095,0.5,0.4,0.3333333333333333,0.41666666666666663,0.34777126706263406,0.3273561775684357,,0.4,5,5,0.3333333333333333,0.5,,0.3571428571428572,1.0,0.16607142857142865,,earliest_visit,0.6538072962253805,0.5989583333333334,0.7413613445378152,0.45982944583178365,,44,44,0.38461538461538464,0.6173076923076928,0.15384615384615385,,0.8064516129032258,0.9354838709677419,0.6766129032258066,,0.6428571428571428,0.8056944444444445,0.0,
MCI_vs_AD,43,NACC_to_ADNI,nacc_to_adni,ce_only,True,apis_v2_claim_e1_mci_ad,2,42,43,1bb2d2745d760baa0c2991927be4805c5fb907c73655694d35e6af4d7ba522f3,weighted_ce,outputs/journal/dual_shift_apis_v2/claim_mci_ad/e1/seed43/nacc_to_adni/ce_only/journal_metrics.json,0.7018348623853211,0.7293577981651376,0.674197247706422,,subject_mean,0.687065637065637,0.7624203667953668,0.6088610038610038,,0.547007722007722,0.5827968146718147,0.5120559845559847,,0.2737640028185874,0.2981630101611292,0.25048593519304657,,0.2580175884149386,0.2895732180604792,0.23601761791907172,,0.6025641025641025,0.699866310160428,0.5474598930481284,0.36678324722361916,0.35338942269102125,0.3666666666666666,0.4700854700854701,156,156,0.11764705882352941,0.9772727272727273,0.6333333333333334,0.5714285714285714,0.5272727272727273,0.5863636363636364,0.421948459891745,0.4457709881521406,0.4166666666666667,0.5333333333333333,21,21,0.2727272727272727,0.9,0.3333333333333333,0.2771043771043772,0.5642559523809524,0.1770337301587302,,earliest_visit,1.9259840236029455,0.5072161363241176,0.5654485049833887,0.455731407448658,,218,218,0.11428571428571428,0.18571428571428572,0.05714285714285714,,0.9797297297297297,0.9934121621621621,0.9525337837837838,,0.6228956228956228,0.6713205128205129,0.38897738797713455,,0.7333333333333333,0.7904761904761904,0.6857142857142857,,subject_mean,0.8269387755102041,0.9009489795918368,0.7407346938775511,,0.6071428571428572,0.6858928571428572,0.5428571428571428,,0.22062562944986316,0.2593770574449123,0.17862041909887938,,0.20486614846047893,0.25792971971252615,0.16142439124130079,,,,,,,,,,,,,,0.7352941176470589,0.8430703624733475,0.6142857142857143,0.22342541497826085,0.20726857845689728,0.27083333333333337,0.6021955799508883,102,102,0.22857142857142856,1.0,0.7291666666666666,0.296875,0.6254464285714286,0.21602678571428574,,earliest_visit,1.0621594029861237,0.5974808324205915,0.7031400462962963,0.5057334901055242,,105,105,0.22857142857142856,0.4,0.11428571428571428,,0.9857142857142858,1.0,0.9571428571428572,,0.703125,0.7779761904761906,0.3745535714285715,,0.7452830188679245,0.7924528301886793,0.697877358490566,,subject_mean,0.8370098039215687,0.9081495098039217,0.7542790032679739,,0.6184640522875817,0.684405637254902,0.5592728758169936,,0.22004021402742074,0.26378468122918086,0.1777522849869323,,0.22126507159299072,0.2721183854711693,0.18026300025576683,,,,,,,,,,,,,,0.7425742574257426,0.8551360842844601,0.6248902546093064,0.2241974205281859,0.22502760269460906,0.203125,0.6222669735327964,101,101,0.2647058823529412,0.9850746268656716,0.75,0.22736474052263533,0.7237092074592075,0.12342592592592593,,earliest_visit,1.0071330761129502,0.6191616766467065,0.7039901430626976,0.5308363932280813,,106,106,0.2647058823529412,0.38235294117647056,0.14705882352941177,,0.9722222222222222,1.0,0.9440972222222223,,0.7236842105263157,0.8500462962962962,0.249702380952381,
MCI_vs_AD,43,NACC_to_ADNI,nacc_to_adni,mixstyle,True,apis_v2_claim_e1_mci_ad,2,42,43,1bb2d2745d760baa0c2991927be4805c5fb907c73655694d35e6af4d7ba522f3,mixstyle,outputs/journal/dual_shift_apis_v2/claim_mci_ad/e1/seed43/nacc_to_adni/mixstyle/journal_metrics.json,0.7064220183486238,0.752408256880734,0.6697247706422018,,subject_mean,0.7119691119691121,0.8081829150579151,0.641117277992278,,0.5767374517374517,0.6398841698841699,0.5305019305019305,,0.23815325938738868,0.2669788174617505,0.2005317850056073,,0.21729907138169802,0.25681901143667685,0.18185126392689124,,0.6282051282051282,0.72576871657754,0.5818850267379679,0.301507919561295,0.284102620716151,0.2925925925925925,0.5409902597402597,156,156,0.22058823529411764,0.9431818181818182,0.6574074074074074,0.5238095238095238,0.5818181818181818,0.5363636363636364,0.4372444771647296,0.4478590599601231,0.25,0.4951923076923077,21,21,0.2727272727272727,0.8,0.5,0.40454545454545454,0.7582651515151516,0.194349301266196,,earliest_visit,1.5486273370658972,0.566007216623118,0.6474374133471978,0.5016260172633552,,218,218,0.21428571428571427,0.3146428571428572,0.12857142857142856,,0.9391891891891891,0.9797297297297297,0.9050675675675676,,0.5454545454545454,0.7144860269689272,0.19999999999999996,,0.8095238095238095,0.8761904761904762,0.7523809523809524,,subject_mean,0.8469387755102041,0.9217551020408165,0.7757755102040816,,0.75,0.8285714285714285,0.6714285714285714,,0.16033450031379443,0.20181617464437224,0.10910953883733679,,0.12573494977421223,0.1956641493146383,0.08155818506129218,,,,,,,,,,,,,,0.803921568627451,0.8494669509594882,0.7484008528784648,0.16452327393055677,0.13196416705651995,0.2857142857142858,0.7638888888888888,102,102,0.5714285714285714,0.9253731343283582,0.7142857142857142,0.2890625,0.6925,0.18324829931972794,,earliest_visit,0.7396578001916667,0.7666666666666666,0.84686000863414,0.6817824671680324,,105,105,0.5714285714285714,0.7150000000000002,0.4,,0.9285714285714286,0.9857142857142858,0.8710714285714286,,0.7109375,0.8167517006802723,0.30750000000000005,,0.7735849056603774,0.8490566037735849,0.7169811320754716,,subject_mean,0.8259803921568628,0.9171670751633988,0.7399509803921569,,0.7013888888888888,0.7949550653594772,0.6199448529411765,,0.19625741453912118,0.24724567602098071,0.13655746096215612,,0.19840302566687257,0.2612202879849752,0.1331142617682429,,,,,,,,,,,,,,0.7821782178217822,0.8397717295873574,0.7126865671641791,0.19170964704715907,0.19224293938170967,0.5,0.7282289628180039,101,101,0.5,0.9253731343283582,0.5,0.5,0.9350000000000004,0.23559065934065931,,earliest_visit,0.8741493294236893,0.7151813703537842,0.8102187679229421,0.625469951229151,,106,106,0.5,0.6764705882352942,0.3235294117647059,,0.9027777777777778,0.9722222222222222,0.8329861111111112,,0.5,0.7644093406593407,0.06500000000000025,
MCI_vs_AD,43,NACC_to_ADNI,nacc_to_adni,metadata,False,,,,,,,,,,,,,,,,,,,,,,,,,,,,,,,,,,,,,,,,,,,,,,,,,,,,,,,,,,,,,,,,,,,,,,,,,,,,,,,,,,,,,,,,,,,,,,,,,,,,,,,,,,,,,,,,,,,,,,,,,,,,,,,,,,,,,,,,,,,,,,,,,,,,,,,,,,,,,,,,,,,,,,,,,,,,,,,,,,,,,,,,,,,,,,,,,,,,,,,,,,,,,,,,,,,,,,
MCI_vs_AD,43,NACC_to_ADNI,nacc_to_adni,metadata_xda,False,,,,,,,,,,,,,,,,,,,,,,,,,,,,,,,,,,,,,,,,,,,,,,,,,,,,,,,,,,,,,,,,,,,,,,,,,,,,,,,,,,,,,,,,,,,,,,,,,,,,,,,,,,,,,,,,,,,,,,,,,,,,,,,,,,,,,,,,,,,,,,,,,,,,,,,,,,,,,,,,,,,,,,,,,,,,,,,,,,,,,,,,,,,,,,,,,,,,,,,,,,,,,,,,,,,,,,
MCI_vs_AD,43,NACC_to_ADNI,nacc_to_adni,apis_v2,False,,,,,,,,,,,,,,,,,,,,,,,,,,,,,,,,,,,,,,,,,,,,,,,,,,,,,,,,,,,,,,,,,,,,,,,,,,,,,,,,,,,,,,,,,,,,,,,,,,,,,,,,,,,,,,,,,,,,,,,,,,,,,,,,,,,,,,,,,,,,,,,,,,,,,,,,,,,,,,,,,,,,,,,,,,,,,,,,,,,,,,,,,,,,,,,,,,,,,,,,,,,,,,,,,,,,,,
MCI_vs_AD,44,ADNI_to_NACC,adni_to_nacc,ce_only,True,apis_v2_claim_e1_mci_ad,2,42,44,66c99d4a1ddfb2eafbda1cd9affa24e6f535993832500b2db3b2cc8394844220,weighted_ce,outputs/journal/dual_shift_apis_v2/claim_mci_ad/e1/seed44/adni_to_nacc/ce_only/journal_metrics.json,0.6698292220113852,0.7021347248576849,0.635673624288425,,subject_mean,0.7025649350649351,0.7416083603896103,0.6555154220779221,,0.6221022727272727,0.6591810064935065,0.5849393262987014,,0.2267705694270678,0.2488443595542529,0.20434560857655695,,0.1503007445463193,0.18147475063296561,0.11895473075666564,,,,,,,,,,,,,,0.6744186046511628,0.709141181399246,0.6270967741935484,0.22413246886934357,0.14618384891528952,0.22080200501253144,0.6293103448275862,516,516,0.48,0.7741935483870968,0.631578947368421,0.24394581842446783,0.43340149249687027,0.14933017241898713,,earliest_visit,0.742831310270132,0.6234230238517642,0.6603031449513275,0.5866431386923869,,527,527,0.48,0.5372857142857144,0.4112857142857143,,0.7642045454545454,0.8013494318181819,0.7272017045454546,,0.6033138401559455,0.6645614915539014,0.44467766210962,,0.4772727272727273,0.6136363636363636,0.3181818181818182,,subject_mean,0.6953125,0.8439453125,0.49212239583333334,,0.5104166666666667,0.65625,0.32291666666666663,,0.3435755773847531,0.44443769640426456,0.26462460934008974,,0.35193683343629045,0.4938675838598812,0.23947696010751485,,0.4642857142857143,0.703125,0.4791666666666667,0.3023514771703456,0.36074521124717734,0.6666666666666666,0.46360153256704983,28,28,0.5833333333333334,0.375,0.33333333333333337,0.375,0.5625,0.375,0.4590903902808364,0.5168327949941158,0.5,0.2727272727272727,8,8,0.75,0.0,0.5,0.4,1.0,0.08144368858654574,,earliest_visit,1.0640689915097836,0.46369899311075785,0.5878787878787879,0.30526315789473685,,44,44,0.5833333333333334,0.8333333333333334,0.3333333333333333,,0.4375,0.59375,0.25,,0.6,0.8356481481481487,0.0,,0.5454545454545454,0.6818181818181818,0.4090909090909091,,subject_mean,0.7047146401985112,0.8562655086848635,0.521029776674938,,0.6327543424317618,0.7580645161290323,0.49091191066997525,,0.30946988239921425,0.3947735944419538,0.21755578119989966,,0.2647701891356861,0.4298999376057998,0.1624829906974294,,0.6176470588235294,0.7106227106227107,0.6611721611721612,0.2731225877839783,0.24104305536431428,0.33333333333333326,0.6173160173160173,34,34,0.8461538461538461,0.47619047619047616,0.6666666666666667,0.4,0.5,0.3333333333333333,0.4206611717096017,0.4550091455380122,,0.2857142857142857,5,5,0.6666666666666666,0.0,,0.5,1.0,0.18739583333333334,,earliest_visit,0.9184088790548905,0.5445134575569358,0.6757894736842105,0.4078674948240165,,44,44,0.8461538461538461,1.0,0.6153846153846154,,0.41935483870967744,0.5806451612903226,0.25806451612903225,,0.5,0.7600909090909092,0.0,
MCI_vs_AD,44,ADNI_to_NACC,adni_to_nacc,mixstyle,False,,,,,,,,,,,,,,,,,,,,,,,,,,,,,,,,,,,,,,,,,,,,,,,,,,,,,,,,,,,,,,,,,,,,,,,,,,,,,,,,,,,,,,,,,,,,,,,,,,,,,,,,,,,,,,,,,,,,,,,,,,,,,,,,,,,,,,,,,,,,,,,,,,,,,,,,,,,,,,,,,,,,,,,,,,,,,,,,,,,,,,,,,,,,,,,,,,,,,,,,,,,,,,,,,,,,,,
MCI_vs_AD,44,ADNI_to_NACC,adni_to_nacc,metadata,False,,,,,,,,,,,,,,,,,,,,,,,,,,,,,,,,,,,,,,,,,,,,,,,,,,,,,,,,,,,,,,,,,,,,,,,,,,,,,,,,,,,,,,,,,,,,,,,,,,,,,,,,,,,,,,,,,,,,,,,,,,,,,,,,,,,,,,,,,,,,,,,,,,,,,,,,,,,,,,,,,,,,,,,,,,,,,,,,,,,,,,,,,,,,,,,,,,,,,,,,,,,,,,,,,,,,,,
MCI_vs_AD,44,ADNI_to_NACC,adni_to_nacc,metadata_xda,False,,,,,,,,,,,,,,,,,,,,,,,,,,,,,,,,,,,,,,,,,,,,,,,,,,,,,,,,,,,,,,,,,,,,,,,,,,,,,,,,,,,,,,,,,,,,,,,,,,,,,,,,,,,,,,,,,,,,,,,,,,,,,,,,,,,,,,,,,,,,,,,,,,,,,,,,,,,,,,,,,,,,,,,,,,,,,,,,,,,,,,,,,,,,,,,,,,,,,,,,,,,,,,,,,,,,,,
MCI_vs_AD,44,ADNI_to_NACC,adni_to_nacc,apis_v2,False,,,,,,,,,,,,,,,,,,,,,,,,,,,,,,,,,,,,,,,,,,,,,,,,,,,,,,,,,,,,,,,,,,,,,,,,,,,,,,,,,,,,,,,,,,,,,,,,,,,,,,,,,,,,,,,,,,,,,,,,,,,,,,,,,,,,,,,,,,,,,,,,,,,,,,,,,,,,,,,,,,,,,,,,,,,,,,,,,,,,,,,,,,,,,,,,,,,,,,,,,,,,,,,,,,,,,,
MCI_vs_AD,44,NACC_to_ADNI,nacc_to_adni,ce_only,True,apis_v2_claim_e1_mci_ad,2,42,44,66c99d4a1ddfb2eafbda1cd9affa24e6f535993832500b2db3b2cc8394844220,weighted_ce,outputs/journal/dual_shift_apis_v2/claim_mci_ad/e1/seed44/nacc_to_adni/ce_only/journal_metrics.json,0.7155963302752294,0.770756880733945,0.6650229357798165,,subject_mean,0.7094594594594594,0.7846380308880309,0.6332818532818533,,0.6474903474903475,0.7139961389961389,0.5866964285714286,,0.23325496822934852,0.2752630770625063,0.18997349187125548,,0.19480932459984657,0.24960921172228995,0.143718609182547,,0.6923076923076923,0.7252673796791443,0.6671122994652406,0.25502133512927033,0.2171010884635437,0.27037037037037037,0.6657142857142857,156,156,0.47058823529411764,0.8636363636363636,0.6296296296296297,0.5238095238095238,0.4727272727272727,0.5318181818181817,0.4374581045178324,0.4660235515662602,0.4166666666666667,0.5138888888888888,21,21,0.36363636363636365,0.7,0.3333333333333333,0.2866213151927437,0.5328980322003579,0.16116512345679007,,earliest_visit,1.3112813605019913,0.653968253968254,0.7252218649517685,0.5893798376116465,,218,218,0.45714285714285713,0.5575000000000001,0.34285714285714286,,0.8378378378378378,0.8918918918918919,0.7836148648648649,,0.6133786848072563,0.7109549689440993,0.4116557734204793,,0.7428571428571429,0.8,0.6761904761904762,,subject_mean,0.8306122448979593,0.9001326530612246,0.7446428571428572,,0.6928571428571428,0.7716071428571428,0.6071428571428572,,0.1994116118053738,0.26927468922848874,0.14721538091237793,,0.18964787674328645,0.27077784162665175,0.13144483817002142,,,,,,,,,,,,,,0.7549019607843137,0.8405117270788912,0.7042643923240938,0.18775415545860738,0.17675945055640607,0.29166666666666674,0.712934819317798,102,102,0.5428571428571428,0.8656716417910447,0.7083333333333333,0.29166666666666674,0.6666666666666667,0.22166666666666673,,earliest_visit,0.9360620516357936,0.6992042440318302,0.7734383794966606,0.6110643130439395,,105,105,0.5428571428571428,0.6857142857142857,0.4,,0.8428571428571429,0.9146428571428572,0.7571428571428571,,0.7083333333333333,0.7783333333333334,0.3333333333333333,,0.7452830188679245,0.8304245283018868,0.660377358490566,,subject_mean,0.8288398692810458,0.9162888071895423,0.7454963235294118,,0.696078431372549,0.7983762254901962,0.6102532679738563,,0.1849137801371617,0.24328273701660288,0.11401489341395903,,0.16926889039529197,0.24147668375030348,0.09388952354355797,,,,,,,,,,,,,,0.7722772277227723,0.8498683055311677,0.7197102721685689,0.17396779512224347,0.15117639836796828,0.4305555555555556,0.7299151261481223,101,101,0.5588235294117647,0.8805970149253731,0.5694444444444444,0.4473684210526315,0.9334375,0.22714646464646468,,earliest_visit,0.7585418920321955,0.7004709576138148,0.8043839147726184,0.6102425383548685,,106,106,0.5588235294117647,0.7352941176470589,0.4117647058823529,,0.8333333333333334,0.9166666666666666,0.7222222222222222,,0.5526315789473685,0.7728535353535354,0.0665625,
MCI_vs_AD,44,NACC_to_ADNI,nacc_to_adni,mixstyle,False,,,,,,,,,,,,,,,,,,,,,,,,,,,,,,,,,,,,,,,,,,,,,,,,,,,,,,,,,,,,,,,,,,,,,,,,,,,,,,,,,,,,,,,,,,,,,,,,,,,,,,,,,,,,,,,,,,,,,,,,,,,,,,,,,,,,,,,,,,,,,,,,,,,,,,,,,,,,,,,,,,,,,,,,,,,,,,,,,,,,,,,,,,,,,,,,,,,,,,,,,,,,,,,,,,,,,,
MCI_vs_AD,44,NACC_to_ADNI,nacc_to_adni,metadata,False,,,,,,,,,,,,,,,,,,,,,,,,,,,,,,,,,,,,,,,,,,,,,,,,,,,,,,,,,,,,,,,,,,,,,,,,,,,,,,,,,,,,,,,,,,,,,,,,,,,,,,,,,,,,,,,,,,,,,,,,,,,,,,,,,,,,,,,,,,,,,,,,,,,,,,,,,,,,,,,,,,,,,,,,,,,,,,,,,,,,,,,,,,,,,,,,,,,,,,,,,,,,,,,,,,,,,,
MCI_vs_AD,44,NACC_to_ADNI,nacc_to_adni,metadata_xda,False,,,,,,,,,,,,,,,,,,,,,,,,,,,,,,,,,,,,,,,,,,,,,,,,,,,,,,,,,,,,,,,,,,,,,,,,,,,,,,,,,,,,,,,,,,,,,,,,,,,,,,,,,,,,,,,,,,,,,,,,,,,,,,,,,,,,,,,,,,,,,,,,,,,,,,,,,,,,,,,,,,,,,,,,,,,,,,,,,,,,,,,,,,,,,,,,,,,,,,,,,,,,,,,,,,,,,,
MCI_vs_AD,44,NACC_to_ADNI,nacc_to_adni,apis_v2,False,,,,,,,,,,,,,,,,,,,,,,,,,,,,,,,,,,,,,,,,,,,,,,,,,,,,,,,,,,,,,,,,,,,,,,,,,,,,,,,,,,,,,,,,,,,,,,,,,,,,,,,,,,,,,,,,,,,,,,,,,,,,,,,,,,,,,,,,,,,,,,,,,,,,,,,,,,,,,,,,,,,,,,,,,,,,,,,,,,,,,,,,,,,,,,,,,,,,,,,,,,,,,,,,,,,,,,
MCI_vs_AD,45,ADNI_to_NACC,adni_to_nacc,ce_only,False,,,,,,,,,,,,,,,,,,,,,,,,,,,,,,,,,,,,,,,,,,,,,,,,,,,,,,,,,,,,,,,,,,,,,,,,,,,,,,,,,,,,,,,,,,,,,,,,,,,,,,,,,,,,,,,,,,,,,,,,,,,,,,,,,,,,,,,,,,,,,,,,,,,,,,,,,,,,,,,,,,,,,,,,,,,,,,,,,,,,,,,,,,,,,,,,,,,,,,,,,,,,,,,,,,,,,,
MCI_vs_AD,45,ADNI_to_NACC,adni_to_nacc,mixstyle,False,,,,,,,,,,,,,,,,,,,,,,,,,,,,,,,,,,,,,,,,,,,,,,,,,,,,,,,,,,,,,,,,,,,,,,,,,,,,,,,,,,,,,,,,,,,,,,,,,,,,,,,,,,,,,,,,,,,,,,,,,,,,,,,,,,,,,,,,,,,,,,,,,,,,,,,,,,,,,,,,,,,,,,,,,,,,,,,,,,,,,,,,,,,,,,,,,,,,,,,,,,,,,,,,,,,,,,
MCI_vs_AD,45,ADNI_to_NACC,adni_to_nacc,metadata,False,,,,,,,,,,,,,,,,,,,,,,,,,,,,,,,,,,,,,,,,,,,,,,,,,,,,,,,,,,,,,,,,,,,,,,,,,,,,,,,,,,,,,,,,,,,,,,,,,,,,,,,,,,,,,,,,,,,,,,,,,,,,,,,,,,,,,,,,,,,,,,,,,,,,,,,,,,,,,,,,,,,,,,,,,,,,,,,,,,,,,,,,,,,,,,,,,,,,,,,,,,,,,,,,,,,,,,
MCI_vs_AD,45,ADNI_to_NACC,adni_to_nacc,metadata_xda,False,,,,,,,,,,,,,,,,,,,,,,,,,,,,,,,,,,,,,,,,,,,,,,,,,,,,,,,,,,,,,,,,,,,,,,,,,,,,,,,,,,,,,,,,,,,,,,,,,,,,,,,,,,,,,,,,,,,,,,,,,,,,,,,,,,,,,,,,,,,,,,,,,,,,,,,,,,,,,,,,,,,,,,,,,,,,,,,,,,,,,,,,,,,,,,,,,,,,,,,,,,,,,,,,,,,,,,
MCI_vs_AD,45,ADNI_to_NACC,adni_to_nacc,apis_v2,False,,,,,,,,,,,,,,,,,,,,,,,,,,,,,,,,,,,,,,,,,,,,,,,,,,,,,,,,,,,,,,,,,,,,,,,,,,,,,,,,,,,,,,,,,,,,,,,,,,,,,,,,,,,,,,,,,,,,,,,,,,,,,,,,,,,,,,,,,,,,,,,,,,,,,,,,,,,,,,,,,,,,,,,,,,,,,,,,,,,,,,,,,,,,,,,,,,,,,,,,,,,,,,,,,,,,,,
MCI_vs_AD,45,NACC_to_ADNI,nacc_to_adni,ce_only,False,,,,,,,,,,,,,,,,,,,,,,,,,,,,,,,,,,,,,,,,,,,,,,,,,,,,,,,,,,,,,,,,,,,,,,,,,,,,,,,,,,,,,,,,,,,,,,,,,,,,,,,,,,,,,,,,,,,,,,,,,,,,,,,,,,,,,,,,,,,,,,,,,,,,,,,,,,,,,,,,,,,,,,,,,,,,,,,,,,,,,,,,,,,,,,,,,,,,,,,,,,,,,,,,,,,,,,
MCI_vs_AD,45,NACC_to_ADNI,nacc_to_adni,mixstyle,False,,,,,,,,,,,,,,,,,,,,,,,,,,,,,,,,,,,,,,,,,,,,,,,,,,,,,,,,,,,,,,,,,,,,,,,,,,,,,,,,,,,,,,,,,,,,,,,,,,,,,,,,,,,,,,,,,,,,,,,,,,,,,,,,,,,,,,,,,,,,,,,,,,,,,,,,,,,,,,,,,,,,,,,,,,,,,,,,,,,,,,,,,,,,,,,,,,,,,,,,,,,,,,,,,,,,,,
MCI_vs_AD,45,NACC_to_ADNI,nacc_to_adni,metadata,False,,,,,,,,,,,,,,,,,,,,,,,,,,,,,,,,,,,,,,,,,,,,,,,,,,,,,,,,,,,,,,,,,,,,,,,,,,,,,,,,,,,,,,,,,,,,,,,,,,,,,,,,,,,,,,,,,,,,,,,,,,,,,,,,,,,,,,,,,,,,,,,,,,,,,,,,,,,,,,,,,,,,,,,,,,,,,,,,,,,,,,,,,,,,,,,,,,,,,,,,,,,,,,,,,,,,,,
MCI_vs_AD,45,NACC_to_ADNI,nacc_to_adni,metadata_xda,False,,,,,,,,,,,,,,,,,,,,,,,,,,,,,,,,,,,,,,,,,,,,,,,,,,,,,,,,,,,,,,,,,,,,,,,,,,,,,,,,,,,,,,,,,,,,,,,,,,,,,,,,,,,,,,,,,,,,,,,,,,,,,,,,,,,,,,,,,,,,,,,,,,,,,,,,,,,,,,,,,,,,,,,,,,,,,,,,,,,,,,,,,,,,,,,,,,,,,,,,,,,,,,,,,,,,,,
MCI_vs_AD,45,NACC_to_ADNI,nacc_to_adni,apis_v2,False,,,,,,,,,,,,,,,,,,,,,,,,,,,,,,,,,,,,,,,,,,,,,,,,,,,,,,,,,,,,,,,,,,,,,,,,,,,,,,,,,,,,,,,,,,,,,,,,,,,,,,,,,,,,,,,,,,,,,,,,,,,,,,,,,,,,,,,,,,,,,,,,,,,,,,,,,,,,,,,,,,,,,,,,,,,,,,,,,,,,,,,,,,,,,,,,,,,,,,,,,,,,,,,,,,,,,,
MCI_vs_AD,46,ADNI_to_NACC,adni_to_nacc,ce_only,False,,,,,,,,,,,,,,,,,,,,,,,,,,,,,,,,,,,,,,,,,,,,,,,,,,,,,,,,,,,,,,,,,,,,,,,,,,,,,,,,,,,,,,,,,,,,,,,,,,,,,,,,,,,,,,,,,,,,,,,,,,,,,,,,,,,,,,,,,,,,,,,,,,,,,,,,,,,,,,,,,,,,,,,,,,,,,,,,,,,,,,,,,,,,,,,,,,,,,,,,,,,,,,,,,,,,,,
MCI_vs_AD,46,ADNI_to_NACC,adni_to_nacc,mixstyle,False,,,,,,,,,,,,,,,,,,,,,,,,,,,,,,,,,,,,,,,,,,,,,,,,,,,,,,,,,,,,,,,,,,,,,,,,,,,,,,,,,,,,,,,,,,,,,,,,,,,,,,,,,,,,,,,,,,,,,,,,,,,,,,,,,,,,,,,,,,,,,,,,,,,,,,,,,,,,,,,,,,,,,,,,,,,,,,,,,,,,,,,,,,,,,,,,,,,,,,,,,,,,,,,,,,,,,,
MCI_vs_AD,46,ADNI_to_NACC,adni_to_nacc,metadata,False,,,,,,,,,,,,,,,,,,,,,,,,,,,,,,,,,,,,,,,,,,,,,,,,,,,,,,,,,,,,,,,,,,,,,,,,,,,,,,,,,,,,,,,,,,,,,,,,,,,,,,,,,,,,,,,,,,,,,,,,,,,,,,,,,,,,,,,,,,,,,,,,,,,,,,,,,,,,,,,,,,,,,,,,,,,,,,,,,,,,,,,,,,,,,,,,,,,,,,,,,,,,,,,,,,,,,,
MCI_vs_AD,46,ADNI_to_NACC,adni_to_nacc,metadata_xda,False,,,,,,,,,,,,,,,,,,,,,,,,,,,,,,,,,,,,,,,,,,,,,,,,,,,,,,,,,,,,,,,,,,,,,,,,,,,,,,,,,,,,,,,,,,,,,,,,,,,,,,,,,,,,,,,,,,,,,,,,,,,,,,,,,,,,,,,,,,,,,,,,,,,,,,,,,,,,,,,,,,,,,,,,,,,,,,,,,,,,,,,,,,,,,,,,,,,,,,,,,,,,,,,,,,,,,,
MCI_vs_AD,46,ADNI_to_NACC,adni_to_nacc,apis_v2,False,,,,,,,,,,,,,,,,,,,,,,,,,,,,,,,,,,,,,,,,,,,,,,,,,,,,,,,,,,,,,,,,,,,,,,,,,,,,,,,,,,,,,,,,,,,,,,,,,,,,,,,,,,,,,,,,,,,,,,,,,,,,,,,,,,,,,,,,,,,,,,,,,,,,,,,,,,,,,,,,,,,,,,,,,,,,,,,,,,,,,,,,,,,,,,,,,,,,,,,,,,,,,,,,,,,,,,
MCI_vs_AD,46,NACC_to_ADNI,nacc_to_adni,ce_only,False,,,,,,,,,,,,,,,,,,,,,,,,,,,,,,,,,,,,,,,,,,,,,,,,,,,,,,,,,,,,,,,,,,,,,,,,,,,,,,,,,,,,,,,,,,,,,,,,,,,,,,,,,,,,,,,,,,,,,,,,,,,,,,,,,,,,,,,,,,,,,,,,,,,,,,,,,,,,,,,,,,,,,,,,,,,,,,,,,,,,,,,,,,,,,,,,,,,,,,,,,,,,,,,,,,,,,,
MCI_vs_AD,46,NACC_to_ADNI,nacc_to_adni,mixstyle,False,,,,,,,,,,,,,,,,,,,,,,,,,,,,,,,,,,,,,,,,,,,,,,,,,,,,,,,,,,,,,,,,,,,,,,,,,,,,,,,,,,,,,,,,,,,,,,,,,,,,,,,,,,,,,,,,,,,,,,,,,,,,,,,,,,,,,,,,,,,,,,,,,,,,,,,,,,,,,,,,,,,,,,,,,,,,,,,,,,,,,,,,,,,,,,,,,,,,,,,,,,,,,,,,,,,,,,
MCI_vs_AD,46,NACC_to_ADNI,nacc_to_adni,metadata,False,,,,,,,,,,,,,,,,,,,,,,,,,,,,,,,,,,,,,,,,,,,,,,,,,,,,,,,,,,,,,,,,,,,,,,,,,,,,,,,,,,,,,,,,,,,,,,,,,,,,,,,,,,,,,,,,,,,,,,,,,,,,,,,,,,,,,,,,,,,,,,,,,,,,,,,,,,,,,,,,,,,,,,,,,,,,,,,,,,,,,,,,,,,,,,,,,,,,,,,,,,,,,,,,,,,,,,
MCI_vs_AD,46,NACC_to_ADNI,nacc_to_adni,metadata_xda,False,,,,,,,,,,,,,,,,,,,,,,,,,,,,,,,,,,,,,,,,,,,,,,,,,,,,,,,,,,,,,,,,,,,,,,,,,,,,,,,,,,,,,,,,,,,,,,,,,,,,,,,,,,,,,,,,,,,,,,,,,,,,,,,,,,,,,,,,,,,,,,,,,,,,,,,,,,,,,,,,,,,,,,,,,,,,,,,,,,,,,,,,,,,,,,,,,,,,,,,,,,,,,,,,,,,,,,
MCI_vs_AD,46,NACC_to_ADNI,nacc_to_adni,apis_v2,False,,,,,,,,,,,,,,,,,,,,,,,,,,,,,,,,,,,,,,,,,,,,,,,,,,,,,,,,,,,,,,,,,,,,,,,,,,,,,,,,,,,,,,,,,,,,,,,,,,,,,,,,,,,,,,,,,,,,,,,,,,,,,,,,,,,,,,,,,,,,,,,,,,,,,,,,,,,,,,,,,,,,,,,,,,,,,,,,,,,,,,,,,,,,,,,,,,,,,,,,,,,,,,,,,,,,,,
